#BESTPOSA,COM1,0,74.0,COARSESTEERING,2434,182716.400,00200000,000e,10817;NO_CONVERGENCE,NONE,31.16412760056,121.45334242526,17.0048,0.0000,WGS84,3.3901,3.8067,8.6754,"",0.000,0.000,2,0,7,8,00,00,77,00*6187a1f1
#BESTPOSA,COM1,0,74.0,COARSESTEERING,2434,182716.500,00200000,000e,10817;NO_CONVERGENCE,NONE,31.16412760056,121.45334242526,17.0048,0.0000,WGS84,3.3901,3.8067,8.6754,"",0.000,0.000,2,0,7,8,00,00,77,00*f84f81fe
#BESTPOSA,COM1,0,73.5,COARSESTEERING,2434,182716.600,00200000,000e,10817;NO_CONVERGENCE,NONE,31.16412760056,121.45334242526,17.0048,0.0000,WGS84,3.3901,3.8067,8.6754,"",0.000,0.000,2,0,7,8,00,00,77,00*903cc555
#BESTPOSA,COM1,0,73.5,COARSESTEERING,2434,182716.700,00200000,000e,10817;NO_CONVERGENCE,NONE,31.16412760056,121.45334242526,17.0048,0.0000,WGS84,3.3901,3.8067,8.6754,"",0.000,0.000,2,0,7,8,00,00,77,00*09f4e55a
#BESTPOSA,COM1,0,73.5,COARSESTEERING,2434,182716.800,00200000,000e,10817;NO_CONVERGENCE,NONE,31.16412760056,121.45334242526,17.0048,0.0000,WGS84,3.3901,3.8067,8.6754,"",0.000,0.000,2,0,7,8,00,00,77,00*67091c0b
#BESTPOSA,COM1,0,73.5,COARSESTEERING,2434,182716.900,00200000,000e,10817;NO_CONVERGENCE,NONE,31.16412760056,121.45334242526,17.0048,0.0000,WGS84,3.3901,3.8067,8.6754,"",0.000,0.000,2,0,7,8,00,00,77,00*fec13c04
#BESTPOSA,COM1,0,73.5,COARSESTEERING,2434,182717.000,00200000,000e,10817;NO_CONVERGENCE,NONE,31.16412760056,121.45334242526,17.0048,0.0000,WGS84,3.3901,3.8067,8.6754,"",0.000,0.000,2,0,7,8,00,00,77,00*ce98ac3a
#RANGEA,COM1,0,73.5,COARSESTEERING,2434,182717.000,00200000,5103,10817;8,8,0,39744060.664,0.139,0.000000,0.335,-1751.540,23.1,0.000,4814107e,8,0,39744061.529,0.218,0.000000,0.384,-1425.288,18.4,0.000,4044107e,8,0,39744050.769,0.150,0.000000,0.389,-1775.524,17.9,0.000,40f4107e,8,0,39744071.028,0.214,0.000000,0.365,-1326.098,20.3,0.000,4134107e,31,0,24920805.160,0.127,0.000000,0.331,-3113.702,23.5,0.000,4814109e,31,0,24920808.153,0.145,0.000000,0.353,-2531.062,21.4,0.000,4044109e,31,0,24920798.533,0.460,0.000000,0.376,-3141.736,19.2,0.000,40f4109e,31,0,24920809.992,0.149,-97794608.687225,0.069,-2350.500,25.1,1.500,61341c9d*487c31c3
$GPGSV,1,1,00,,,,*79
$GNGST,024459.00,,,,,,,*69
#BESTPOSA,COM1,0,73.5,COARSESTEERING,2434,182717.100,00200000,000e,10817;NO_CONVERGENCE,NONE,31.16412760056,121.45334242526,17.0048,0.0000,WGS84,3.3901,3.8067,8.6754,"",0.000,0.000,2,0,7,8,00,00,77,00*57508c35
#BESTPOSA,COM1,0,73.5,COARSESTEERING,2434,182717.200,00200000,000e,10817;NO_CONVERGENCE,NONE,31.16412760056,121.45334242526,17.0048,0.0000,WGS84,3.3901,3.8067,8.6754,"",0.000,0.000,2,0,7,8,00,00,77,00*2679ea65
#BESTPOSA,COM1,0,73.5,COARSESTEERING,2434,182717.300,00200000,000e,10817;NO_CONVERGENCE,NONE,31.16412760056,121.45334242526,17.0048,0.0000,WGS84,3.3901,3.8067,8.6754,"",0.000,0.000,2,0,7,8,00,00,77,00*bfb1ca6a
#BESTPOSA,COM1,0,73.5,COARSESTEERING,2434,182717.400,00200000,000e,10817;NO_CONVERGENCE,NONE,31.16412760056,121.45334242526,17.0048,0.0000,WGS84,3.3901,3.8067,8.6754,"",0.000,0.000,2,0,7,8,00,00,77,00*c42b26c5
#BESTPOSA,COM1,0,73.5,COARSESTEERING,2434,182717.500,00200000,000e,10817;NO_CONVERGENCE,NONE,31.16412760056,121.45334242526,17.0048,0.0000,WGS84,3.3901,3.8067,8.6754,"",0.000,0.000,2,0,7,8,00,00,77,00*5de306ca
#BESTPOSA,COM1,0,74.0,COARSESTEERING,2434,182717.600,00200000,000e,10817;NO_CONVERGENCE,NONE,31.16412760056,121.45334242526,17.0048,0.0000,WGS84,3.3901,3.8067,8.6754,"",0.000,0.000,2,0,7,8,00,00,77,00*35904261
#BESTPOSA,COM1,0,74.0,COARSESTEERING,2434,182717.700,00200000,000e,10817;NO_CONVERGENCE,NONE,31.16412760056,121.45334242526,17.0048,0.0000,WGS84,3.3901,3.8067,8.6754,"",0.000,0.000,2,0,7,8,00,00,77,00*ac58626e
#BESTPOSA,COM1,0,74.0,COARSESTEERING,2434,182717.800,00200000,000e,10817;NO_CONVERGENCE,NONE,31.16412760056,121.45334242526,17.0048,0.0000,WGS84,3.3901,3.8067,8.6754,"",0.000,0.000,2,0,7,8,00,00,77,00*c2a59b3f
#BESTPOSA,COM1,0,74.0,COARSESTEERING,2434,182717.900,00200000,000e,10817;NO_CONVERGENCE,NONE,31.16412760056,121.45334242526,17.0048,0.0000,WGS84,3.3901,3.8067,8.6754,"",0.000,0.000,2,0,7,8,00,00,77,00*5b6dbb30
#BESTPOSA,COM1,0,74.0,COARSESTEERING,2434,182718.000,00200000,000e,10817;NO_CONVERGENCE,NONE,31.16412760056,121.45334242526,17.0048,0.0000,WGS84,3.3901,3.8067,8.6754,"",0.000,0.000,2,0,7,8,00,00,77,00*b003c691
#RANGEA,COM1,0,74.0,COARSESTEERING,2434,182718.000,00200000,5103,10817;8,8,0,39744398.854,0.140,0.000000,0.336,-1752.254,23.0,0.000,4814107e,8,0,39744398.516,0.218,0.000000,0.388,-1422.261,18.1,0.000,4044107e,8,0,39744390.326,0.149,0.000000,0.392,-1776.093,17.7,0.000,40f4107e,8,0,39744409.844,0.211,0.000000,0.367,-1325.995,20.0,0.000,4134107e,31,0,24921402.794,0.127,0.000000,0.332,-3112.939,23.4,0.000,4814109e,31,0,24921406.582,0.148,0.000000,0.355,-2530.263,21.2,0.000,4044109e,31,0,24921393.128,0.449,0.000000,0.378,-3142.426,19.0,0.000,40f4109e,31,0,24921408.496,0.138,0.000000,0.324,-2346.837,24.2,0.000,4134109e*81a66c57
$GPGSV,1,1,00,,,,*79
$GNGST,024500.00,,,,,,,*64
#BESTPOSA,COM1,0,74.0,COARSESTEERING,2434,182718.100,00200000,000e,10817;NO_CONVERGENCE,NONE,31.16412760056,121.45334242526,17.0048,0.0000,WGS84,3.3901,3.8067,8.6754,"",0.000,0.000,2,0,7,8,00,00,77,00*29cbe69e
#BESTPOSA,COM1,0,74.0,COARSESTEERING,2434,182718.200,00200000,000e,10817;NO_CONVERGENCE,NONE,31.16412760056,121.45334242526,17.0048,0.0000,WGS84,3.3901,3.8067,8.6754,"",0.000,0.000,2,0,7,8,00,00,77,00*58e280ce
#BESTPOSA,COM1,0,74.0,COARSESTEERING,2434,182718.300,00200000,000e,10817;NO_CONVERGENCE,NONE,31.16412760056,121.45334242526,17.0048,0.0000,WGS84,3.3901,3.8067,8.6754,"",0.000,0.000,2,0,7,8,00,00,77,00*c12aa0c1
#BESTPOSA,COM1,0,74.0,COARSESTEERING,2434,182718.400,00200000,000e,10817;NO_CONVERGENCE,NONE,31.16412760056,121.45334242526,17.0048,0.0000,WGS84,3.3901,3.8067,8.6754,"",0.000,0.000,2,0,7,8,00,00,77,00*bab04c6e
#BESTPOSA,COM1,0,74.0,COARSESTEERING,2434,182718.500,00200000,000e,10817;NO_CONVERGENCE,NONE,31.16412760056,121.45334242526,17.0048,0.0000,WGS84,3.3901,3.8067,8.6754,"",0.000,0.000,2,0,7,8,00,00,77,00*23786c61
#BESTPOSA,COM1,0,74.0,COARSESTEERING,2434,182718.600,00200000,000e,10817;NO_CONVERGENCE,NONE,31.16412760056,121.45334242526,17.0048,0.0000,WGS84,3.3901,3.8067,8.6754,"",0.000,0.000,2,0,7,8,00,00,77,00*52510a31
#BESTPOSA,COM1,0,74.0,COARSESTEERING,2434,182718.700,00200000,000e,10817;NO_CONVERGENCE,NONE,31.16412760056,121.45334242526,17.0048,0.0000,WGS84,3.3901,3.8067,8.6754,"",0.000,0.000,3,0,7,8,00,00,77,00*1c7baa66
#BESTPOSA,COM1,0,74.0,COARSESTEERING,2434,182718.800,00200000,000e,10817;NO_CONVERGENCE,NONE,31.16412760056,121.45334242526,17.0048,0.0000,WGS84,3.3901,3.8067,8.6754,"",0.000,0.000,3,0,7,8,00,00,77,00*72865337
#BESTPOSA,COM1,0,74.0,COARSESTEERING,2434,182718.900,00200000,000e,10817;NO_CONVERGENCE,NONE,31.16412760056,121.45334242526,17.0048,0.0000,WGS84,3.3901,3.8067,8.6754,"",0.000,0.000,2,0,7,8,00,00,77,00*3cacf360
#BESTPOSA,COM1,0,74.0,COARSESTEERING,2434,182719.000,00200000,000e,10817;NO_CONVERGENCE,NONE,31.16412760056,121.45334242526,17.0048,0.0000,WGS84,3.3901,3.8067,8.6754,"",0.000,0.000,2,0,7,8,00,00,77,00*0cf5635e
#RANGEA,COM1,0,74.0,COARSESTEERING,2434,182719.000,00200000,5103,10817;8,8,0,39744736.093,0.141,0.000000,0.340,-1764.174,22.7,0.000,4814107e,8,0,39744738.375,0.205,0.000000,0.389,-1423.194,18.0,0.000,4044107e,8,0,39744729.038,0.149,0.000000,0.392,-1775.009,17.7,0.000,40f4107e,8,0,39744750.071,0.204,0.000000,0.370,-1325.680,19.8,0.000,4134107e,31,0,24922001.351,0.127,0.000000,0.332,-3113.514,23.4,0.000,4814109e,31,0,24922004.669,0.143,0.000000,0.345,-2530.796,22.1,0.000,4044109e,31,0,24921995.408,0.410,0.000000,0.376,-3143.406,19.2,0.000,40f4109e,31,0,24922009.634,0.210,0.000000,0.370,-2346.268,19.8,0.000,4134109e*9df2e5a1
$GPGSV,1,1,00,,,,*79
$GNGST,024501.00,,,,,,,*65
#BESTPOSA,COM1,0,74.0,COARSESTEERING,2434,182719.100,00200000,000e,10817;NO_CONVERGENCE,NONE,31.16412760056,121.45334242526,17.0048,0.0000,WGS84,3.3901,3.8067,8.6754,"",0.000,0.000,2,0,7,8,00,00,77,00*953d4351
#BESTPOSA,COM1,0,74.0,COARSESTEERING,2434,182719.200,00200000,000e,10817;NO_CONVERGENCE,NONE,31.16412760056,121.45334242526,17.0048,0.0000,WGS84,3.3901,3.8067,8.6754,"",0.000,0.000,3,0,7,8,00,00,77,00*33f6a559
#BESTPOSA,COM1,0,74.0,COARSESTEERING,2434,182719.300,00200000,000e,10817;NO_CONVERGENCE,NONE,31.16412760056,121.45334242526,17.0048,0.0000,WGS84,3.3901,3.8067,8.6754,"",0.000,0.000,3,0,7,8,00,00,77,00*aa3e8556
#BESTPOSA,COM1,0,74.0,COARSESTEERING,2434,182719.400,00200000,000e,10817;NO_CONVERGENCE,NONE,31.16412760056,121.45334242526,17.0048,0.0000,WGS84,3.3901,3.8067,8.6754,"",0.000,0.000,3,0,7,8,00,00,77,00*d1a469f9
#BESTPOSA,COM1,0,74.0,COARSESTEERING,2434,182719.500,00200000,000e,10817;NO_CONVERGENCE,NONE,31.16412760056,121.45334242526,17.0048,0.0000,WGS84,3.3901,3.8067,8.6754,"",0.000,0.000,2,0,7,8,00,00,77,00*9f8ec9ae
#BESTPOSA,COM1,0,73.5,COARSESTEERING,2434,182719.600,00200000,000e,10817;NO_CONVERGENCE,NONE,31.16412760056,121.45334242526,17.0048,0.0000,WGS84,3.3901,3.8067,8.6754,"",0.000,0.000,2,0,7,8,00,00,77,00*f7fd8d05
#BESTPOSA,COM1,0,73.5,COARSESTEERING,2434,182719.700,00200000,000e,10817;NO_CONVERGENCE,NONE,31.16412760056,121.45334242526,17.0048,0.0000,WGS84,3.3901,3.8067,8.6754,"",0.000,0.000,2,0,7,8,00,00,77,00*6e35ad0a
#BESTPOSA,COM1,0,73.5,COARSESTEERING,2434,182719.800,00200000,000e,10817;NO_CONVERGENCE,NONE,31.16412760056,121.45334242526,17.0048,0.0000,WGS84,3.3901,3.8067,8.6754,"",0.000,0.000,2,0,7,8,00,00,77,00*00c8545b
#BESTPOSA,COM1,0,73.5,COARSESTEERING,2434,182719.900,00200000,000e,10817;NO_CONVERGENCE,NONE,31.16412760056,121.45334242526,17.0048,0.0000,WGS84,3.3901,3.8067,8.6754,"",0.000,0.000,4,0,7,8,00,00,77,00*04dc7f47
#BESTPOSA,COM1,0,73.5,COARSESTEERING,2434,182720.000,00200000,000e,10817;NO_CONVERGENCE,NONE,31.16412760056,121.45334242526,17.0048,0.0000,WGS84,3.3901,3.8067,8.6754,"",0.000,0.000,4,0,7,8,00,00,77,00*cecea84a
#RANGEA,COM1,0,73.5,COARSESTEERING,2434,182720.000,00200000,5103,10817;10,54,11,22924339.867,0.267,-122672773.015903,0.069,-4480.895,26.0,0.100,68111c3d,51,0,23063120.550,0.130,0.000000,0.160,3058.415,19.4,0.000,4031107d,8,0,39745073.017,0.142,0.000000,0.340,-1763.671,22.6,0.000,4814107e,8,0,39745077.399,0.188,0.000000,0.387,-1427.019,18.2,0.000,4044107e,8,0,39745066.713,0.152,0.000000,0.388,-1774.634,18.1,0.000,40f4107e,8,0,39745077.442,0.182,0.000000,0.372,-1324.778,19.6,0.000,4134107e,31,0,24922594.236,0.127,0.000000,0.336,-3113.981,23.0,0.000,4814109e,31,0,24922603.466,0.148,0.000000,0.342,-2531.002,22.4,0.000,4044109e,31,0,24922586.154,0.369,0.000000,0.378,-3141.754,19.0,0.000,40f4109e,31,0,24922606.833,0.251,0.000000,0.334,-2345.136,23.2,0.000,4134109e*6ab982c9
$GPGSV,1,1,00,,,,*79
$GNGST,024502.00,,,,,,,*66
#BESTPOSA,COM1,0,73.5,COARSESTEERING,2434,182720.100,00200000,000e,10817;NO_CONVERGENCE,NONE,31.16412760056,121.45334242526,17.0048,0.0000,WGS84,3.3901,3.8067,8.6754,"",0.000,0.000,3,0,7,8,00,00,77,00*1d38030e
#BESTPOSA,COM1,0,73.5,COARSESTEERING,2434,182720.200,00200000,000e,10817;NO_CONVERGENCE,NONE,31.16412760056,121.45334242526,17.0048,0.0000,WGS84,3.3901,3.8067,8.6754,"",0.000,0.000,3,0,7,8,00,00,77,00*6c11655e
#BESTPOSA,COM1,0,73.5,COARSESTEERING,2434,182720.300,00200000,000e,10817;NO_CONVERGENCE,NONE,31.16412760056,121.45334242526,17.0048,0.0000,WGS84,3.3901,3.8067,8.6754,"",0.000,0.000,3,0,7,8,00,00,77,00*f5d94551
#BESTPOSA,COM1,0,73.5,COARSESTEERING,2434,182720.400,00200000,000e,10817;NO_CONVERGENCE,NONE,31.16412760056,121.45334242526,17.0048,0.0000,WGS84,3.3901,3.8067,8.6754,"",0.000,0.000,4,0,7,8,00,00,77,00*c47d22b5
#BESTPOSA,COM1,0,73.5,COARSESTEERING,2434,182720.500,00200000,000e,10817;NO_CONVERGENCE,NONE,31.16412760056,121.45334242526,17.0048,0.0000,WGS84,3.3901,3.8067,8.6754,"",0.000,0.000,3,0,7,8,00,00,77,00*178b89f1
#BESTPOSA,COM1,0,73.5,COARSESTEERING,2434,182720.600,00200000,000e,10817;NO_CONVERGENCE,NONE,31.16412760056,121.45334242526,17.0048,0.0000,WGS84,3.3901,3.8067,8.6754,"",0.000,0.000,3,0,7,8,00,00,77,00*66a2efa1
#BESTPOSA,COM1,0,73.5,COARSESTEERING,2434,182720.700,00200000,000e,10817;NO_CONVERGENCE,NONE,31.16412760056,121.45334242526,17.0048,0.0000,WGS84,3.3901,3.8067,8.6754,"",0.000,0.000,3,0,7,8,00,00,77,00*ff6acfae
#BESTPOSA,COM1,0,73.5,COARSESTEERING,2434,182720.800,00200000,000e,10817;NO_CONVERGENCE,NONE,31.16412760056,121.45334242526,17.0048,0.0000,WGS84,3.3901,3.8067,8.6754,"",0.000,0.000,3,0,7,8,00,00,77,00*919736ff
#BESTPOSA,COM1,0,73.5,COARSESTEERING,2434,182720.900,00200000,000e,10817;NO_CONVERGENCE,NONE,31.16412760056,121.45334242526,17.0048,0.0000,WGS84,3.3901,3.8067,8.6754,"",0.000,0.000,3,0,7,8,00,00,77,00*085f16f0
#BESTPOSA,COM1,0,73.5,COARSESTEERING,2434,182721.000,00200000,000e,10817;NO_CONVERGENCE,NONE,31.16412760056,121.45334242526,17.0048,0.0000,WGS84,3.3901,3.8067,8.6754,"",0.000,0.000,3,0,7,8,00,00,77,00*380686ce
#RANGEA,COM1,0,73.5,COARSESTEERING,2434,182721.000,00200000,5103,10817;9,54,11,22925175.180,0.248,-122677253.768722,0.058,-4481.131,26.1,1.100,68111c3d,8,0,39745411.544,0.135,0.000000,0.341,-1758.980,22.5,0.000,4814107e,8,0,39745415.403,0.174,0.000000,0.385,-1429.277,18.3,0.000,4044107e,8,0,39745406.811,0.158,0.000000,0.385,-1775.021,18.3,0.000,40f4107e,8,0,39745422.575,0.181,0.000000,0.371,-1325.995,19.7,0.000,4134107e,31,0,24923198.007,0.128,0.000000,0.337,-3114.302,22.9,0.000,4814109e,31,0,24923200.775,0.142,0.000000,0.101,-2529.779,23.4,0.000,4044109d,31,0,24923187.607,0.354,0.000000,0.379,-3141.669,18.9,0.000,40f4109e,31,0,24923205.535,0.193,0.000000,0.308,-2346.765,25.6,0.000,4134109e*1b0fa83d
$GPGSV,1,1,00,,,,*79
$GNGST,024503.00,,,,,,,*67
#BESTPOSA,COM1,0,73.5,COARSESTEERING,2434,182721.100,00200000,000e,10817;NO_CONVERGENCE,NONE,31.16412760056,121.45334242526,17.0048,0.0000,WGS84,3.3901,3.8067,8.6754,"",0.000,0.000,3,0,7,8,00,00,77,00*a1cea6c1
#BESTPOSA,COM1,0,73.5,COARSESTEERING,2434,182721.200,00200000,000e,10817;NO_CONVERGENCE,NONE,31.16412760056,121.45334242526,17.0048,0.0000,WGS84,3.3901,3.8067,8.6754,"",0.000,0.000,3,0,7,8,00,00,77,00*d0e7c091
#BESTPOSA,COM1,0,73.5,COARSESTEERING,2434,182721.300,00200000,000e,10817;NO_CONVERGENCE,NONE,31.16412760056,121.45334242526,17.0048,0.0000,WGS84,3.3901,3.8067,8.6754,"",0.000,0.000,3,0,7,8,00,00,77,00*492fe09e
#BESTPOSA,COM1,0,73.5,COARSESTEERING,2434,182721.400,00200000,000e,10817;NO_CONVERGENCE,NONE,31.16412760056,121.45334242526,17.0048,0.0000,WGS84,3.3901,3.8067,8.6754,"",0.000,0.000,3,0,7,8,00,00,77,00*32b50c31
#BESTPOSA,COM1,0,73.5,COARSESTEERING,2434,182721.500,00200000,000e,10817;NO_CONVERGENCE,NONE,31.16412760056,121.45334242526,17.0048,0.0000,WGS84,3.3901,3.8067,8.6754,"",0.000,0.000,3,0,7,8,00,00,77,00*ab7d2c3e
#BESTPOSA,COM1,0,74.0,COARSESTEERING,2434,182721.600,00200000,000e,10817;NO_CONVERGENCE,NONE,31.16412760056,121.45334242526,17.0048,0.0000,WGS84,3.3901,3.8067,8.6754,"",0.000,0.000,3,0,7,8,00,00,77,00*c30e6895
#BESTPOSA,COM1,0,74.0,COARSESTEERING,2434,182721.700,00200000,000e,10817;NO_CONVERGENCE,NONE,31.16412760056,121.45334242526,17.0048,0.0000,WGS84,3.3901,3.8067,8.6754,"",0.000,0.000,3,0,7,8,00,00,77,00*5ac6489a
#BESTPOSA,COM1,0,74.0,COARSESTEERING,2434,182721.800,00200000,000e,10817;NO_CONVERGENCE,NONE,31.16412760056,121.45334242526,17.0048,0.0000,WGS84,3.3901,3.8067,8.6754,"",0.000,0.000,3,0,7,8,00,00,77,00*343bb1cb
#BESTPOSA,COM1,0,74.0,COARSESTEERING,2434,182721.900,00200000,000e,10817;NO_CONVERGENCE,NONE,31.16412760056,121.45334242526,17.0048,0.0000,WGS84,3.3901,3.8067,8.6754,"",0.000,0.000,3,0,7,8,00,00,77,00*adf391c4
#BESTPOSA,COM1,0,74.0,COARSESTEERING,2434,182722.000,00200000,000e,10817;NO_CONVERGENCE,NONE,31.16412760056,121.45334242526,17.0048,0.0000,WGS84,3.3901,3.8067,8.6754,"",0.000,0.000,3,0,7,8,00,00,77,00*3f364c25
#RANGEA,COM1,0,74.0,COARSESTEERING,2434,182722.000,00200000,5103,10817;9,54,11,22926002.836,0.184,0.000000,0.101,-4481.869,26.1,0.000,4811103d,8,0,39745751.185,0.132,0.000000,0.341,-1759.186,22.5,0.000,4814107e,8,0,39745753.896,0.166,0.000000,0.383,-1429.689,18.5,0.000,4044107e,8,0,39745742.462,0.160,0.000000,0.384,-1775.294,18.4,0.000,40f4107e,8,0,39745761.953,0.198,0.000000,0.372,-1325.468,19.6,0.000,4134107e,31,0,24923801.396,0.128,0.000000,0.338,-3112.655,22.8,0.000,4814109e,31,0,24923798.150,0.132,-105460763.316250,0.064,-2530.917,27.4,0.900,60441c9d,31,0,24923788.165,0.340,0.000000,0.380,-3141.899,18.8,0.000,40f4109e,31,0,24923803.242,0.167,-97806340.580401,0.108,-2346.601,28.0,0.100,61341c9d*aeab3d42
$GPGSV,1,1,00,,,,*79
$GNGST,024504.00,,,,,,,*60
#BESTPOSA,COM1,0,74.0,COARSESTEERING,2434,182722.100,00200000,000e,10817;NO_CONVERGENCE,NONE,31.16412760056,121.45334242526,17.0048,0.0000,WGS84,3.3901,3.8067,8.6754,"",0.000,0.000,3,0,7,8,00,00,77,00*a6fe6c2a
#BESTPOSA,COM1,0,74.0,COARSESTEERING,2434,182722.200,00200000,000e,10817;NO_CONVERGENCE,NONE,31.16412760056,121.45334242526,17.0048,0.0000,WGS84,3.3901,3.8067,8.6754,"",0.000,0.000,3,0,7,8,00,00,77,00*d7d70a7a
#BESTPOSA,COM1,0,74.0,COARSESTEERING,2434,182722.300,00200000,000e,10817;NO_CONVERGENCE,NONE,31.16412760056,121.45334242526,17.0048,0.0000,WGS84,3.3901,3.8067,8.6754,"",0.000,0.000,3,0,7,8,00,00,77,00*4e1f2a75
#BESTPOSA,COM1,0,74.0,COARSESTEERING,2434,182722.400,00200000,000e,10817;NO_CONVERGENCE,NONE,31.16412760056,121.45334242526,17.0048,0.0000,WGS84,3.3901,3.8067,8.6754,"",0.000,0.000,3,0,7,8,00,00,77,00*3585c6da
#BESTPOSA,COM1,0,74.0,COARSESTEERING,2434,182722.500,00200000,000e,10817;NO_CONVERGENCE,NONE,31.16412760056,121.45334242526,17.0048,0.0000,WGS84,3.3901,3.8067,8.6754,"",0.000,0.000,3,0,7,8,00,00,77,00*ac4de6d5
#BESTPOSA,COM1,0,73.5,COARSESTEERING,2434,182722.600,00200000,000e,10817;NO_CONVERGENCE,NONE,31.16412760056,121.45334242526,17.0048,0.0000,WGS84,3.3901,3.8067,8.6754,"",0.000,0.000,3,0,7,8,00,00,77,00*c43ea27e
#BESTPOSA,COM1,0,73.5,COARSESTEERING,2434,182722.700,00200000,000e,10817;NO_CONVERGENCE,NONE,31.16412760056,121.45334242526,17.0048,0.0000,WGS84,3.3901,3.8067,8.6754,"",0.000,0.000,3,0,7,8,00,00,77,00*5df68271
#BESTPOSA,COM1,0,73.5,COARSESTEERING,2434,182722.800,00200000,000e,10817;NO_CONVERGENCE,NONE,31.16412760056,121.45334242526,17.0048,0.0000,WGS84,3.3901,3.8067,8.6754,"",0.000,0.000,3,0,7,8,00,00,77,00*330b7b20
#BESTPOSA,COM1,0,73.5,COARSESTEERING,2434,182722.900,00200000,000e,10817;NO_CONVERGENCE,NONE,31.16412760056,121.45334242526,17.0048,0.0000,WGS84,3.3901,3.8067,8.6754,"",0.000,0.000,3,0,7,8,00,00,77,00*aac35b2f
#BESTPOSA,COM1,0,73.5,COARSESTEERING,2434,182723.000,00200000,000e,10817;NO_CONVERGENCE,NONE,31.16412760056,121.45334242526,17.0048,0.0000,WGS84,3.3901,3.8067,8.6754,"",0.000,0.000,3,0,7,8,00,00,77,00*9a9acb11
#RANGEA,COM1,0,73.5,COARSESTEERING,2434,182723.000,00200000,5103,10817;9,54,11,22926837.958,0.161,0.000000,0.185,-4483.116,25.6,0.000,4811103d,8,0,39746091.988,0.131,0.000000,0.342,-1757.085,22.4,0.000,4814107e,8,0,39746091.477,0.162,0.000000,0.384,-1430.010,18.5,0.000,4044107e,8,0,39746078.083,0.153,0.000000,0.384,-1774.846,18.4,0.000,40f4107e,8,0,39746099.500,0.224,0.000000,0.374,-1325.208,19.4,0.000,4134107e,31,0,24924400.749,0.129,0.000000,0.339,-3112.667,22.7,0.000,4814109e,31,0,24924396.471,0.123,0.000000,0.108,-2529.476,25.9,0.000,4044109d,31,0,24924382.418,0.328,0.000000,0.382,-3142.008,18.6,0.000,40f4109e,31,0,24924399.979,0.180,-97808686.958913,0.052,-2346.777,26.0,1.100,61341c9d*353ade2c
$GPGSV,1,1,00,,,,*79
$GNGST,024505.00,,,,,,,*61
#BESTPOSA,COM1,0,73.5,COARSESTEERING,2434,182723.100,00200000,000e,10817;NO_CONVERGENCE,NONE,31.16412760056,121.45334242526,17.0048,0.0000,WGS84,3.3901,3.8067,8.6754,"",0.000,0.000,2,0,7,8,00,00,77,00*d4b06b46
#BESTPOSA,COM1,0,73.5,COARSESTEERING,2434,182723.200,00200000,000e,10817;NO_CONVERGENCE,NONE,31.16412760056,121.45334242526,17.0048,0.0000,WGS84,3.3901,3.8067,8.6754,"",0.000,0.000,2,0,7,8,00,00,77,00*a5990d16
#BESTPOSA,COM1,0,73.5,COARSESTEERING,2434,182723.300,00200000,000e,10817;NO_CONVERGENCE,NONE,31.16412760056,121.45334242526,17.0048,0.0000,WGS84,3.3901,3.8067,8.6754,"",0.000,0.000,2,0,7,8,00,00,77,00*3c512d19
#BESTPOSA,COM1,0,73.5,COARSESTEERING,2434,182723.400,00200000,000e,10817;NO_CONVERGENCE,NONE,31.16412760056,121.45334242526,17.0048,0.0000,WGS84,3.3901,3.8067,8.6754,"",0.000,0.000,2,0,7,8,00,00,77,00*47cbc1b6
#BESTPOSA,COM1,0,73.5,COARSESTEERING,2434,182723.500,00200000,000e,10817;NO_CONVERGENCE,NONE,31.16412760056,121.45334242526,17.0048,0.0000,WGS84,3.3901,3.8067,8.6754,"",0.000,0.000,2,0,7,8,00,00,77,00*de03e1b9
#BESTPOSA,COM1,0,74.0,COARSESTEERING,2434,182723.600,00200000,000e,10817;NO_CONVERGENCE,NONE,31.16412760056,121.45334242526,17.0048,0.0000,WGS84,3.3901,3.8067,8.6754,"",0.000,0.000,2,0,7,8,00,00,77,00*b670a512
#BESTPOSA,COM1,0,74.0,COARSESTEERING,2434,182723.700,00200000,000e,10817;NO_CONVERGENCE,NONE,31.16412760056,121.45334242526,17.0048,0.0000,WGS84,3.3901,3.8067,8.6754,"",0.000,0.000,2,0,7,8,00,00,77,00*2fb8851d
#BESTPOSA,COM1,0,74.0,COARSESTEERING,2434,182723.800,00200000,000e,10817;NO_CONVERGENCE,NONE,31.16412760056,121.45334242526,17.0048,0.0000,WGS84,3.3901,3.8067,8.6754,"",0.000,0.000,2,0,7,8,00,00,77,00*41457c4c
#BESTPOSA,COM1,0,74.0,COARSESTEERING,2434,182723.900,00200000,000e,10817;NO_CONVERGENCE,NONE,31.16412760056,121.45334242526,17.0048,0.0000,WGS84,3.3901,3.8067,8.6754,"",0.000,0.000,2,0,7,8,00,00,77,00*d88d5c43
#BESTPOSA,COM1,0,74.0,COARSESTEERING,2434,182724.000,00200000,000e,10817;NO_CONVERGENCE,NONE,31.16412760056,121.45334242526,17.0048,0.0000,WGS84,3.3901,3.8067,8.6754,"",0.000,0.000,2,0,7,8,00,00,77,00*d4011c5d
#RANGEA,COM1,0,74.0,COARSESTEERING,2434,182724.000,00200000,5103,10817;8,8,0,39746428.836,0.131,0.000000,0.343,-1757.854,22.3,0.000,4814107e,8,0,39746429.972,0.161,0.000000,0.384,-1430.531,18.5,0.000,4044107e,8,0,39746418.082,0.149,0.000000,0.385,-1775.058,18.3,0.000,40f4107e,8,0,39746435.729,0.232,0.000000,0.375,-1323.816,19.3,0.000,4134107e,31,0,24924995.850,0.130,0.000000,0.342,-3113.224,22.5,0.000,4814109e,31,0,24924995.553,0.121,0.000000,0.315,-2525.396,25.0,0.000,4044109e,31,0,24924978.127,0.323,0.000000,0.383,-3141.179,18.5,0.000,40f4109e,31,0,24924998.982,0.159,0.000000,0.145,-2346.341,24.8,0.000,4134109d*f47691c5
$GPGSV,1,1,00,,,,*79
$GNGST,024506.00,,,,,,,*62
#BESTPOSA,COM1,0,74.0,COARSESTEERING,2434,182724.100,00200000,000e,10817;NO_CONVERGENCE,NONE,31.16412760056,121.45334242526,17.0048,0.0000,WGS84,3.3901,3.8067,8.6754,"",0.000,0.000,2,0,7,8,00,00,77,00*4dc93c52
#BESTPOSA,COM1,0,74.0,COARSESTEERING,2434,182724.200,00200000,000e,10817;NO_CONVERGENCE,NONE,31.16412760056,121.45334242526,17.0048,0.0000,WGS84,3.3901,3.8067,8.6754,"",0.000,0.000,2,0,7,8,00,00,77,00*3ce05a02
#BESTPOSA,COM1,0,74.0,COARSESTEERING,2434,182724.300,00200000,000e,10817;NO_CONVERGENCE,NONE,31.16412760056,121.45334242526,17.0048,0.0000,WGS84,3.3901,3.8067,8.6754,"",0.000,0.000,2,0,7,8,00,00,77,00*a5287a0d
#BESTPOSA,COM1,0,74.0,COARSESTEERING,2434,182724.400,00200000,000e,10817;NO_CONVERGENCE,NONE,31.16412760056,121.45334242526,17.0048,0.0000,WGS84,3.3901,3.8067,8.6754,"",0.000,0.000,2,0,7,8,00,00,77,00*deb296a2
#BESTPOSA,COM1,0,74.0,COARSESTEERING,2434,182724.500,00200000,000e,10817;NO_CONVERGENCE,NONE,31.16412760056,121.45334242526,17.0048,0.0000,WGS84,3.3901,3.8067,8.6754,"",0.000,0.000,2,0,7,8,00,00,77,00*477ab6ad
#BESTPOSA,COM1,0,73.5,COARSESTEERING,2434,182724.600,00200000,000e,10817;NO_CONVERGENCE,NONE,31.16412760056,121.45334242526,17.0048,0.0000,WGS84,3.3901,3.8067,8.6754,"",0.000,0.000,2,0,7,8,00,00,77,00*2f09f206
#BESTPOSA,COM1,0,73.5,COARSESTEERING,2434,182724.700,00200000,000e,10817;NO_CONVERGENCE,NONE,31.16412760056,121.45334242526,17.0048,0.0000,WGS84,3.3901,3.8067,8.6754,"",0.000,0.000,2,0,7,8,00,00,77,00*b6c1d209
#BESTPOSA,COM1,0,73.5,COARSESTEERING,2434,182724.800,00200000,000e,10817;NO_CONVERGENCE,NONE,31.16412760056,121.45334242526,17.0048,0.0000,WGS84,3.3901,3.8067,8.6754,"",0.000,0.000,2,0,7,8,00,00,77,00*d83c2b58
#BESTPOSA,COM1,0,73.5,COARSESTEERING,2434,182724.900,00200000,000e,10817;NO_CONVERGENCE,NONE,31.16412760056,121.45334242526,17.0048,0.0000,WGS84,3.3901,3.8067,8.6754,"",0.000,0.000,2,0,7,8,00,00,77,00*41f40b57
#BESTPOSA,COM1,0,73.5,COARSESTEERING,2434,182725.000,00200000,000e,10817;NO_CONVERGENCE,NONE,31.16412760056,121.45334242526,17.0048,0.0000,WGS84,3.3901,3.8067,8.6754,"",0.000,0.000,2,0,7,8,00,00,77,00*71ad9b69
#RANGEA,COM1,0,73.5,COARSESTEERING,2434,182725.000,00200000,5103,10817;8,8,0,39746765.577,0.131,0.000000,0.344,-1757.291,22.2,0.000,4814107e,8,0,39746767.842,0.161,0.000000,0.385,-1432.740,18.4,0.000,4044107e,8,0,39746764.795,0.148,0.000000,0.386,-1774.476,18.3,0.000,40f4107e,8,0,39746770.708,0.218,0.000000,0.373,-1324.221,19.5,0.000,4134107e,31,0,24925592.351,0.130,0.000000,0.343,-3113.163,22.3,0.000,4814109e,31,0,24925593.645,0.161,0.000000,0.378,-2530.227,19.0,0.000,4044109e,31,0,24925578.240,0.320,0.000000,0.385,-3140.604,18.4,0.000,40f4109e,31,0,24925596.705,0.171,0.000000,0.346,-2345.511,22.1,0.000,4134109e*b35bb5c2
$GPGSV,1,1,00,,,,*79
$GNGST,024507.00,,,,,,,*63
#BESTPOSA,COM1,0,73.5,COARSESTEERING,2434,182725.100,00200000,000e,10817;NO_CONVERGENCE,NONE,31.16412760056,121.45334242526,17.0048,0.0000,WGS84,3.3901,3.8067,8.6754,"",0.000,0.000,2,0,7,8,00,00,77,00*e865bb66
#BESTPOSA,COM1,0,73.5,COARSESTEERING,2434,182725.200,00200000,000e,10817;NO_CONVERGENCE,NONE,31.16412760056,121.45334242526,17.0048,0.0000,WGS84,3.3901,3.8067,8.6754,"",0.000,0.000,2,0,7,8,00,00,77,00*994cdd36
#BESTPOSA,COM1,0,73.5,COARSESTEERING,2434,182725.300,00200000,000e,10817;NO_CONVERGENCE,NONE,31.16412760056,121.45334242526,17.0048,0.0000,WGS84,3.3901,3.8067,8.6754,"",0.000,0.000,2,0,7,8,00,00,77,00*0084fd39
#BESTPOSA,COM1,0,73.5,COARSESTEERING,2434,182725.400,00200000,000e,10817;NO_CONVERGENCE,NONE,31.16412760056,121.45334242526,17.0048,0.0000,WGS84,3.3901,3.8067,8.6754,"",0.000,0.000,2,0,7,8,00,00,77,00*7b1e1196
#BESTPOSA,COM1,0,73.5,COARSESTEERING,2434,182725.500,00200000,000e,10817;NO_CONVERGENCE,NONE,31.16412760056,121.45334242526,17.0048,0.0000,WGS84,3.3901,3.8067,8.6754,"",0.000,0.000,2,0,7,8,00,00,77,00*e2d63199
#BESTPOSA,COM1,0,74.0,COARSESTEERING,2434,182725.600,00200000,000e,10817;NO_CONVERGENCE,NONE,31.16412760056,121.45334242526,17.0048,0.0000,WGS84,3.3901,3.8067,8.6754,"",0.000,0.000,2,0,7,8,00,00,77,00*8aa57532
#BESTPOSA,COM1,0,74.0,COARSESTEERING,2434,182725.700,00200000,000e,10817;NO_CONVERGENCE,NONE,31.16412760056,121.45334242526,17.0048,0.0000,WGS84,3.3901,3.8067,8.6754,"",0.000,0.000,2,0,7,8,00,00,77,00*136d553d
#BESTPOSA,COM1,0,74.0,COARSESTEERING,2434,182725.800,00200000,000e,10817;NO_CONVERGENCE,NONE,31.16412760056,121.45334242526,17.0048,0.0000,WGS84,3.3901,3.8067,8.6754,"",0.000,0.000,2,0,7,8,00,00,77,00*7d90ac6c
#BESTPOSA,COM1,0,74.0,COARSESTEERING,2434,182725.900,00200000,000e,10817;NO_CONVERGENCE,NONE,31.16412760056,121.45334242526,17.0048,0.0000,WGS84,3.3901,3.8067,8.6754,"",0.000,0.000,2,0,7,8,00,00,77,00*e4588c63
#BESTPOSA,COM1,0,74.0,COARSESTEERING,2434,182726.000,00200000,000e,10817;NO_CONVERGENCE,NONE,31.16412760056,121.45334242526,17.0048,0.0000,WGS84,3.3901,3.8067,8.6754,"",0.000,0.000,2,0,7,8,00,00,77,00*769d5182
#RANGEA,COM1,0,74.0,COARSESTEERING,2434,182726.000,00200000,5103,10817;8,8,0,39747104.872,0.131,0.000000,0.344,-1759.161,22.2,0.000,4814107e,8,0,39747105.515,0.161,0.000000,0.385,-1433.352,18.3,0.000,4044107e,8,0,39747097.028,0.147,0.000000,0.387,-1775.500,18.1,0.000,40f4107e,8,0,39747104.746,0.183,0.000000,0.371,-1325.390,19.7,0.000,4134107e,31,0,24926188.177,0.131,0.000000,0.345,-3114.386,22.2,0.000,4814109e,31,0,24926191.635,0.149,0.000000,0.371,-2530.675,19.6,0.000,4044109e,31,0,24926178.967,0.312,0.000000,0.386,-3141.028,18.2,0.000,40f4109e,31,0,24926196.880,0.203,0.000000,0.334,-2345.808,23.1,0.000,4134109e*c1474b63
$GPGSV,1,1,00,,,,*79
$GNGST,024508.00,,,,,,,*6C
#BESTPOSA,COM1,0,74.0,COARSESTEERING,2434,182726.100,00200000,000e,10817;NO_CONVERGENCE,NONE,31.16412760056,121.45334242526,17.0048,0.0000,WGS84,3.3901,3.8067,8.6754,"",0.000,0.000,2,0,7,8,00,00,77,00*ef55718d
#BESTPOSA,COM1,0,74.0,COARSESTEERING,2434,182726.200,00200000,000e,10817;NO_CONVERGENCE,NONE,31.16412760056,121.45334242526,17.0048,0.0000,WGS84,3.3901,3.8067,8.6754,"",0.000,0.000,2,0,7,8,00,00,77,00*9e7c17dd
#BESTPOSA,COM1,0,74.0,COARSESTEERING,2434,182726.300,00200000,000e,10817;NO_CONVERGENCE,NONE,31.16412760056,121.45334242526,17.0048,0.0000,WGS84,3.3901,3.8067,8.6754,"",0.000,0.000,2,0,7,8,00,00,77,00*07b437d2
#BESTPOSA,COM1,0,74.0,COARSESTEERING,2434,182726.400,00200000,000e,10817;NO_CONVERGENCE,NONE,31.16412760056,121.45334242526,17.0048,0.0000,WGS84,3.3901,3.8067,8.6754,"",0.000,0.000,2,0,7,8,00,00,77,00*7c2edb7d
#BESTPOSA,COM1,0,74.0,COARSESTEERING,2434,182726.500,00200000,000e,10817;NO_CONVERGENCE,NONE,31.16412760056,121.45334242526,17.0048,0.0000,WGS84,3.3901,3.8067,8.6754,"",0.000,0.000,2,0,7,8,00,00,77,00*e5e6fb72
#BESTPOSA,COM1,0,74.0,COARSESTEERING,2434,182726.600,00200000,000e,10817;NO_CONVERGENCE,NONE,31.16412760056,121.45334242526,17.0048,0.0000,WGS84,3.3901,3.8067,8.6754,"",0.000,0.000,2,0,7,8,00,00,77,00*94cf9d22
#BESTPOSA,COM1,0,74.0,COARSESTEERING,2434,182726.700,00200000,000e,10817;NO_CONVERGENCE,NONE,31.16412760056,121.45334242526,17.0048,0.0000,WGS84,3.3901,3.8067,8.6754,"",0.000,0.000,2,0,7,8,00,00,77,00*0d07bd2d
#BESTPOSA,COM1,0,74.0,COARSESTEERING,2434,182726.800,00200000,000e,10817;NO_CONVERGENCE,NONE,31.16412760056,121.45334242526,17.0048,0.0000,WGS84,3.3901,3.8067,8.6754,"",0.000,0.000,2,0,7,8,00,00,77,00*63fa447c
#BESTPOSA,COM1,0,74.0,COARSESTEERING,2434,182726.900,00200000,000e,10817;NO_CONVERGENCE,NONE,31.16412760056,121.45334242526,17.0048,0.0000,WGS84,3.3901,3.8067,8.6754,"",0.000,0.000,2,0,7,8,00,00,77,00*fa326473
#BESTPOSA,COM1,0,74.0,COARSESTEERING,2434,182727.000,00200000,000e,10817;NO_CONVERGENCE,NONE,31.16412760056,121.45334242526,17.0048,0.0000,WGS84,3.3901,3.8067,8.6754,"",0.000,0.000,2,0,7,8,00,00,77,00*ca6bf44d
#RANGEA,COM1,0,74.0,COARSESTEERING,2434,182727.000,00200000,5103,10817;8,8,0,39747443.756,0.131,0.000000,0.345,-1759.040,22.2,0.000,4814107e,8,0,39747444.609,0.161,0.000000,0.386,-1435.192,18.2,0.000,4044107e,8,0,39747438.207,0.148,0.000000,0.388,-1774.918,18.0,0.000,40f4107e,8,0,39747445.706,0.175,0.000000,0.373,-1325.093,19.5,0.000,4134107e,31,0,24926786.215,0.131,0.000000,0.347,-3114.719,22.0,0.000,4814109e,31,0,24926789.268,0.145,0.000000,0.375,-2529.676,19.3,0.000,4044109e,31,0,24926781.669,0.319,0.000000,0.387,-3142.154,18.1,0.000,40f4109e,31,0,24926797.069,0.235,0.000000,0.338,-2346.165,22.8,0.000,4134109e*ba558b23
$GPGSV,1,1,00,,,,*79
$GNGST,024509.00,,,,,,,*6D
#BESTPOSA,COM1,0,74.0,COARSESTEERING,2434,182727.100,00200000,000e,10817;NO_CONVERGENCE,NONE,31.16412760056,121.45334242526,17.0048,0.0000,WGS84,3.3901,3.8067,8.6754,"",0.000,0.000,2,0,7,8,00,00,77,00*53a3d442
#BESTPOSA,COM1,0,74.0,COARSESTEERING,2434,182727.200,00200000,000e,10817;NO_CONVERGENCE,NONE,31.16412760056,121.45334242526,17.0048,0.0000,WGS84,3.3901,3.8067,8.6754,"",0.000,0.000,3,0,7,8,00,00,77,00*f568324a
#BESTPOSA,COM1,0,74.0,COARSESTEERING,2434,182727.300,00200000,000e,10817;NO_CONVERGENCE,NONE,31.16412760056,121.45334242526,17.0048,0.0000,WGS84,3.3901,3.8067,8.6754,"",0.000,0.000,3,0,7,8,00,00,77,00*6ca01245
#BESTPOSA,COM1,0,74.0,COARSESTEERING,2434,182727.400,00200000,000e,10817;NO_CONVERGENCE,NONE,31.16412760056,121.45334242526,17.0048,0.0000,WGS84,3.3901,3.8067,8.6754,"",0.000,0.000,3,0,7,8,00,00,77,00*173afeea
#BESTPOSA,COM1,0,74.0,COARSESTEERING,2434,182727.500,00200000,000e,10817;NO_CONVERGENCE,NONE,31.16412760056,121.45334242526,17.0048,0.0000,WGS84,3.3901,3.8067,8.6754,"",0.000,0.000,2,0,7,8,00,00,77,00*59105ebd
#BESTPOSA,COM1,0,74.5,COARSESTEERING,2434,182727.600,00200000,000e,10817;NO_CONVERGENCE,NONE,31.16412760056,121.45334242526,17.0048,0.0000,WGS84,3.3901,3.8067,8.6754,"",0.000,0.000,2,0,7,8,00,00,77,00*3aaf060c
#BESTPOSA,COM1,0,74.5,COARSESTEERING,2434,182727.700,00200000,000e,10817;NO_CONVERGENCE,NONE,31.16412760056,121.45334242526,17.0048,0.0000,WGS84,3.3901,3.8067,8.6754,"",0.000,0.000,2,0,7,8,00,00,77,00*a3672603
#BESTPOSA,COM1,0,74.5,COARSESTEERING,2434,182727.800,00200000,000e,10817;NO_CONVERGENCE,NONE,31.16412760056,121.45334242526,17.0048,0.0000,WGS84,3.3901,3.8067,8.6754,"",0.000,0.000,2,0,7,8,00,00,77,00*cd9adf52
#BESTPOSA,COM1,0,74.5,COARSESTEERING,2434,182727.900,00200000,000e,10817;NO_CONVERGENCE,NONE,31.16412760056,121.45334242526,17.0048,0.0000,WGS84,3.3901,3.8067,8.6754,"",0.000,0.000,2,0,7,8,00,00,77,00*5452ff5d
#BESTPOSA,COM1,0,74.5,COARSESTEERING,2434,182728.000,00200000,000e,10817;NO_CONVERGENCE,NONE,31.16412760056,121.45334242526,17.0048,0.0000,WGS84,3.3901,3.8067,8.6754,"",0.000,0.000,3,0,7,8,00,00,77,00*68de02a4
#RANGEA,COM1,0,74.5,COARSESTEERING,2434,182728.000,00200000,5103,10817;9,54,11,22930987.085,0.212,0.000000,0.228,-4481.573,21.9,0.000,4811103d,8,0,39747780.070,0.132,0.000000,0.347,-1758.992,22.0,0.000,4814107e,8,0,39747784.675,0.156,0.000000,0.386,-1434.580,18.2,0.000,4044107e,8,0,39747779.223,0.148,0.000000,0.389,-1773.926,17.9,0.000,40f4107e,8,0,39747782.039,0.172,0.000000,0.372,-1324.203,19.6,0.000,4134107e,31,0,24927383.658,0.132,0.000000,0.348,-3114.883,21.8,0.000,4814109e,31,0,24927386.269,0.155,0.000000,0.373,-2529.301,19.5,0.000,4044109e,31,0,24927380.973,0.323,0.000000,0.389,-3141.633,18.0,0.000,40f4109e,31,0,24927393.854,0.238,0.000000,0.344,-2345.245,22.3,0.000,4134109e*e8875d22
$GPGSV,1,1,00,,,,*79
$GNGST,024510.00,,,,,,,*65
#BESTPOSA,COM1,0,74.5,COARSESTEERING,2434,182728.100,00200000,000e,10817;NO_CONVERGENCE,NONE,31.16412760056,121.45334242526,17.0048,0.0000,WGS84,3.3901,3.8067,8.6754,"",0.000,0.000,3,0,7,8,00,00,77,00*f11622ab
#BESTPOSA,COM1,0,74.5,COARSESTEERING,2434,182728.200,00200000,000e,10817;NO_CONVERGENCE,NONE,31.16412760056,121.45334242526,17.0048,0.0000,WGS84,3.3901,3.8067,8.6754,"",0.000,0.000,2,0,7,8,00,00,77,00*57ddc4a3
#BESTPOSA,COM1,0,74.5,COARSESTEERING,2434,182728.300,00200000,000e,10817;NO_CONVERGENCE,NONE,31.16412760056,121.45334242526,17.0048,0.0000,WGS84,3.3901,3.8067,8.6754,"",0.000,0.000,2,0,7,8,00,00,77,00*ce15e4ac
#BESTPOSA,COM1,0,74.5,COARSESTEERING,2434,182728.400,00200000,000e,10817;NO_CONVERGENCE,NONE,31.16412760056,121.45334242526,17.0048,0.0000,WGS84,3.3901,3.8067,8.6754,"",0.000,0.000,2,0,7,8,00,00,77,00*b58f0803
#BESTPOSA,COM1,0,74.5,COARSESTEERING,2434,182728.500,00200000,000e,10817;NO_CONVERGENCE,NONE,31.16412760056,121.45334242526,17.0048,0.0000,WGS84,3.3901,3.8067,8.6754,"",0.000,0.000,2,0,7,8,00,00,77,00*2c47280c
#BESTPOSA,COM1,0,73.5,COARSESTEERING,2434,182728.600,00200000,000e,10817;NO_CONVERGENCE,NONE,31.16412760056,121.45334242526,17.0048,0.0000,WGS84,3.3901,3.8067,8.6754,"",0.000,0.000,3,0,7,8,00,00,77,00*8140d21e
#BESTPOSA,COM1,0,73.5,COARSESTEERING,2434,182728.700,00200000,000e,10817;NO_CONVERGENCE,NONE,31.16412760056,121.45334242526,17.0048,0.0000,WGS84,3.3901,3.8067,8.6754,"",0.000,0.000,3,0,7,8,00,00,77,00*1888f211
#BESTPOSA,COM1,0,73.5,COARSESTEERING,2434,182728.800,00200000,000e,10817;NO_CONVERGENCE,NONE,31.16412760056,121.45334242526,17.0048,0.0000,WGS84,3.3901,3.8067,8.6754,"",0.000,0.000,2,0,7,8,00,00,77,00*a1978b18
#BESTPOSA,COM1,0,73.5,COARSESTEERING,2434,182728.900,00200000,000e,10817;NO_CONVERGENCE,NONE,31.16412760056,121.45334242526,17.0048,0.0000,WGS84,3.3901,3.8067,8.6754,"",0.000,0.000,2,0,7,8,00,00,77,00*385fab17
#BESTPOSA,COM1,0,73.5,COARSESTEERING,2434,182729.000,00200000,000e,10817;NO_CONVERGENCE,NONE,31.16412760056,121.45334242526,17.0048,0.0000,WGS84,3.3901,3.8067,8.6754,"",0.000,0.000,2,0,7,8,00,00,77,00*08063b29
#RANGEA,COM1,0,73.5,COARSESTEERING,2434,182729.000,00200000,5103,10817;8,8,0,39748118.892,0.132,0.000000,0.348,-1759.016,21.9,0.000,4814107e,8,0,39748123.494,0.153,0.000000,0.385,-1430.379,18.3,0.000,4044107e,8,0,39748116.649,0.148,0.000000,0.391,-1772.164,17.7,0.000,40f4107e,8,0,39748120.654,0.170,0.000000,0.370,-1324.016,19.8,0.000,4134107e,31,0,24927981.320,0.133,0.000000,0.350,-3116.505,21.6,0.000,4814109e,31,0,24927983.317,0.169,0.000000,0.365,-2529.319,20.2,0.000,4044109e,31,0,24927979.735,0.322,0.000000,0.391,-3139.478,17.8,0.000,40f4109e,31,0,24927987.584,0.218,0.000000,0.347,-2345.173,21.9,0.000,4134109e*10f5c9cb
$GPGSV,1,1,00,,,,*79
$GNGST,024511.00,,,,,,,*64
#BESTPOSA,COM1,0,73.5,COARSESTEERING,2434,182729.100,00200000,000e,10817;NO_CONVERGENCE,NONE,31.16412760056,121.45334242526,17.0048,0.0000,WGS84,3.3901,3.8067,8.6754,"",0.000,0.000,3,0,7,8,00,00,77,00*462c9b7e
#BESTPOSA,COM1,0,73.5,COARSESTEERING,2434,182729.200,00200000,000e,10817;NO_CONVERGENCE,NONE,31.16412760056,121.45334242526,17.0048,0.0000,WGS84,3.3901,3.8067,8.6754,"",0.000,0.000,3,0,7,8,00,00,77,00*3705fd2e
#BESTPOSA,COM1,0,73.5,COARSESTEERING,2434,182729.300,00200000,000e,10817;NO_CONVERGENCE,NONE,31.16412760056,121.45334242526,17.0048,0.0000,WGS84,3.3901,3.8067,8.6754,"",0.000,0.000,3,0,7,8,00,00,77,00*aecddd21
#BESTPOSA,COM1,0,73.5,COARSESTEERING,2434,182729.400,00200000,000e,10817;NO_CONVERGENCE,NONE,31.16412760056,121.45334242526,17.0048,0.0000,WGS84,3.3901,3.8067,8.6754,"",0.000,0.000,3,0,7,8,00,00,77,00*d557318e
#BESTPOSA,COM1,0,73.5,COARSESTEERING,2434,182729.500,00200000,000e,10817;NO_CONVERGENCE,NONE,31.16412760056,121.45334242526,17.0048,0.0000,WGS84,3.3901,3.8067,8.6754,"",0.000,0.000,3,0,7,8,00,00,77,00*4c9f1181
#BESTPOSA,COM1,0,74.0,COARSESTEERING,2434,182729.600,00200000,000e,10817;NO_CONVERGENCE,NONE,31.16412760056,121.45334242526,17.0048,0.0000,WGS84,3.3901,3.8067,8.6754,"",0.000,0.000,3,0,7,8,00,00,77,00*24ec552a
#BESTPOSA,COM1,0,74.0,COARSESTEERING,2434,182729.700,00200000,000e,10817;NO_CONVERGENCE,NONE,31.16412760056,121.45334242526,17.0048,0.0000,WGS84,3.3901,3.8067,8.6754,"",0.000,0.000,3,0,7,8,00,00,77,00*bd247525
#BESTPOSA,COM1,0,74.0,COARSESTEERING,2434,182729.800,00200000,000e,10817;NO_CONVERGENCE,NONE,31.16412760056,121.45334242526,17.0048,0.0000,WGS84,3.3901,3.8067,8.6754,"",0.000,0.000,3,0,7,8,00,00,77,00*d3d98c74
#BESTPOSA,COM1,0,74.0,COARSESTEERING,2434,182729.900,00200000,000e,10817;NO_CONVERGENCE,NONE,31.16412760056,121.45334242526,17.0048,0.0000,WGS84,3.3901,3.8067,8.6754,"",0.000,0.000,3,0,7,8,00,00,77,00*4a11ac7b
#BESTPOSA,COM1,0,74.0,COARSESTEERING,2434,182730.000,00200000,000e,10817;NO_CONVERGENCE,NONE,31.16412760056,121.45334242526,17.0048,0.0000,WGS84,3.3901,3.8067,8.6754,"",0.000,0.000,3,0,7,8,00,00,77,00*96cd287e
#RANGEA,COM1,0,74.0,COARSESTEERING,2434,182730.000,00200000,5103,10817;9,54,11,22932674.230,0.180,0.000000,0.182,-4480.344,21.3,0.000,4811103d,8,0,39748457.674,0.133,0.000000,0.350,-1739.978,21.7,0.000,4814107e,8,0,39748460.110,0.158,0.000000,0.385,-1429.374,18.3,0.000,4044107e,8,0,39748453.349,0.149,0.000000,0.392,-1771.752,17.6,0.000,40f4107e,8,0,39748455.621,0.159,0.000000,0.369,-1324.639,19.8,0.000,4134107e,31,0,24928578.869,0.133,0.000000,0.351,-3116.856,21.5,0.000,4814109e,31,0,24928581.022,0.168,0.000000,0.366,-2529.519,20.1,0.000,4044109e,31,0,24928579.076,0.316,0.000000,0.392,-3139.145,17.7,0.000,40f4109e,31,0,24928588.764,0.224,0.000000,0.348,-2345.500,21.8,0.000,4134109e*9d6ee982
$GPGSV,1,1,00,,,,*79
$GNGST,024512.00,,,,,,,*67
#BESTPOSA,COM1,0,74.0,COARSESTEERING,2434,182730.100,00200000,000e,10817;NO_CONVERGENCE,NONE,31.16412760056,121.45334242526,17.0048,0.0000,WGS84,3.3901,3.8067,8.6754,"",0.000,0.000,3,0,7,8,00,00,77,00*0f050871
#BESTPOSA,COM1,0,74.0,COARSESTEERING,2434,182730.200,00200000,000e,10817;NO_CONVERGENCE,NONE,31.16412760056,121.45334242526,17.0048,0.0000,WGS84,3.3901,3.8067,8.6754,"",0.000,0.000,3,0,7,8,00,00,77,00*7e2c6e21
#BESTPOSA,COM1,0,74.0,COARSESTEERING,2434,182730.300,00200000,000e,10817;NO_CONVERGENCE,NONE,31.16412760056,121.45334242526,17.0048,0.0000,WGS84,3.3901,3.8067,8.6754,"",0.000,0.000,3,0,7,8,00,00,77,00*e7e44e2e
#BESTPOSA,COM1,0,74.0,COARSESTEERING,2434,182730.400,00200000,000e,10817;NO_CONVERGENCE,NONE,31.16412760056,121.45334242526,17.0048,0.0000,WGS84,3.3901,3.8067,8.6754,"",0.000,0.000,3,0,7,8,00,00,77,00*9c7ea281
#BESTPOSA,COM1,0,74.0,COARSESTEERING,2434,182730.500,00200000,000e,10817;NO_CONVERGENCE,NONE,31.16412760056,121.45334242526,17.0048,0.0000,WGS84,3.3901,3.8067,8.6754,"",0.000,0.000,3,0,7,8,00,00,77,00*05b6828e
#BESTPOSA,COM1,0,73.5,COARSESTEERING,2434,182730.600,00200000,000e,10817;NO_CONVERGENCE,NONE,31.16412760056,121.45334242526,17.0048,0.0000,WGS84,3.3901,3.8067,8.6754,"",0.000,0.000,3,0,7,8,00,00,77,00*6dc5c625
#BESTPOSA,COM1,0,73.5,COARSESTEERING,2434,182730.700,00200000,000e,10817;NO_CONVERGENCE,NONE,31.16412760056,121.45334242526,17.0048,0.0000,WGS84,3.3901,3.8067,8.6754,"",0.000,0.000,3,0,7,8,00,00,77,00*f40de62a
#BESTPOSA,COM1,0,73.5,COARSESTEERING,2434,182730.800,00200000,000e,10817;NO_CONVERGENCE,NONE,31.16412760056,121.45334242526,17.0048,0.0000,WGS84,3.3901,3.8067,8.6754,"",0.000,0.000,3,0,7,8,00,00,77,00*9af01f7b
#BESTPOSA,COM1,0,73.5,COARSESTEERING,2434,182730.900,00200000,000e,10817;NO_CONVERGENCE,NONE,31.16412760056,121.45334242526,17.0048,0.0000,WGS84,3.3901,3.8067,8.6754,"",0.000,0.000,3,0,7,8,00,00,77,00*03383f74
#BESTPOSA,COM1,0,73.5,COARSESTEERING,2434,182731.000,00200000,000e,10817;NO_CONVERGENCE,NONE,31.16412760056,121.45334242526,17.0048,0.0000,WGS84,3.3901,3.8067,8.6754,"",0.000,0.000,3,0,7,8,00,00,77,00*3361af4a
#RANGEA,COM1,0,73.5,COARSESTEERING,2434,182731.000,00200000,5103,10817;8,54,11,22933517.379,0.160,0.000000,0.084,-4480.005,22.6,0.000,4811103d,8,0,39748795.972,0.133,0.000000,0.351,-1736.793,21.6,0.000,4814107e,8,0,39748796.986,0.160,0.000000,0.385,-1425.355,18.4,0.000,4044107e,8,0,39748788.617,0.150,0.000000,0.393,-1770.935,17.6,0.000,40f4107e,8,0,39748793.888,0.156,0.000000,0.371,-1325.263,19.7,0.000,4134107e,31,0,24929178.086,0.175,0.000000,0.362,-2528.368,20.6,0.000,4044109e,31,0,24929175.270,0.315,0.000000,0.393,-3138.479,17.6,0.000,40f4109e,31,0,24929180.856,0.212,0.000000,0.350,-2344.670,21.7,0.000,4134109e*fb670c81
$GPGSV,1,1,00,,,,*79
$GNGST,024513.00,,,,,,,*66
#BESTPOSA,COM1,0,73.5,COARSESTEERING,2434,182731.100,00200000,000e,10817;NO_CONVERGENCE,NONE,31.16412760056,121.45334242526,17.0048,0.0000,WGS84,3.3901,3.8067,8.6754,"",0.000,0.000,3,0,7,8,00,00,77,00*aaa98f45
#BESTPOSA,COM1,0,73.5,COARSESTEERING,2434,182731.200,00200000,000e,10817;NO_CONVERGENCE,NONE,31.16412760056,121.45334242526,17.0048,0.0000,WGS84,3.3901,3.8067,8.6754,"",0.000,0.000,3,0,7,8,00,00,77,00*db80e915
#BESTPOSA,COM1,0,73.5,COARSESTEERING,2434,182731.300,00200000,000e,10817;NO_CONVERGENCE,NONE,31.16412760056,121.45334242526,17.0048,0.0000,WGS84,3.3901,3.8067,8.6754,"",0.000,0.000,3,0,7,8,00,00,77,00*4248c91a
#BESTPOSA,COM1,0,73.5,COARSESTEERING,2434,182731.400,00200000,000e,10817;NO_CONVERGENCE,NONE,31.16412760056,121.45334242526,17.0048,0.0000,WGS84,3.3901,3.8067,8.6754,"",0.000,0.000,3,0,7,8,00,00,77,00*39d225b5
#BESTPOSA,COM1,0,73.5,COARSESTEERING,2434,182731.500,00200000,000e,10817;NO_CONVERGENCE,NONE,31.16412760056,121.45334242526,17.0048,0.0000,WGS84,3.3901,3.8067,8.6754,"",0.000,0.000,3,0,7,8,00,00,77,00*a01a05ba
#BESTPOSA,COM1,0,73.0,COARSESTEERING,2434,182731.600,00200000,000e,10817;NO_CONVERGENCE,NONE,31.16412760056,121.45334242526,17.0048,0.0000,WGS84,3.3901,3.8067,8.6754,"",0.000,0.000,3,0,7,8,00,00,77,00*c3a55d0b
#BESTPOSA,COM1,0,73.0,COARSESTEERING,2434,182731.700,00200000,000e,10817;NO_CONVERGENCE,NONE,31.16412760056,121.45334242526,17.0048,0.0000,WGS84,3.3901,3.8067,8.6754,"",0.000,0.000,3,0,7,8,00,00,77,00*5a6d7d04
#BESTPOSA,COM1,0,73.0,COARSESTEERING,2434,182731.800,00200000,000e,10817;NO_CONVERGENCE,NONE,31.16412760056,121.45334242526,17.0048,0.0000,WGS84,3.3901,3.8067,8.6754,"",0.000,0.000,3,0,7,8,00,00,77,00*34908455
#BESTPOSA,COM1,0,73.0,COARSESTEERING,2434,182731.900,00200000,000e,10817;NO_CONVERGENCE,NONE,31.16412760056,121.45334242526,17.0048,0.0000,WGS84,3.3901,3.8067,8.6754,"",0.000,0.000,3,0,7,8,00,00,77,00*ad58a45a
#BESTPOSA,COM1,0,73.0,COARSESTEERING,2434,182732.000,00200000,000e,10817;NO_CONVERGENCE,NONE,31.16412760056,121.45334242526,17.0048,0.0000,WGS84,3.3901,3.8067,8.6754,"",0.000,0.000,3,0,7,8,00,00,77,00*3f9d79bb
#RANGEA,COM1,0,73.0,COARSESTEERING,2434,182732.000,00200000,5103,10817;9,54,11,22934362.568,0.150,0.000000,0.170,-4482.305,22.4,0.000,4811103d,8,0,39749129.469,0.134,0.000000,0.353,-1753.574,21.4,0.000,4814107e,8,0,39749134.111,0.161,0.000000,0.383,-1424.719,18.5,0.000,4044107e,8,0,39749119.880,0.157,0.000000,0.392,-1771.595,17.7,0.000,40f4107e,8,0,39749128.806,0.156,0.000000,0.375,-1325.232,19.3,0.000,4134107e,31,0,24929775.042,0.168,0.000000,0.142,-3114.156,24.8,0.000,4814109d,31,0,24929773.932,0.192,0.000000,0.356,-2529.325,21.1,0.000,4044109e,31,0,24929767.582,0.313,0.000000,0.390,-3140.918,17.8,0.000,40f4109e,31,0,24929777.935,0.194,0.000000,0.349,-2348.902,21.8,0.000,4134109e*8bade9a8
$GPGSV,1,1,00,,,,*79
$GNGST,024514.00,,,,,,,*61
#BESTPOSA,COM1,0,73.0,COARSESTEERING,2434,182732.100,00200000,000e,10817;NO_CONVERGENCE,NONE,31.16412760056,121.45334242526,17.0048,0.0000,WGS84,3.3901,3.8067,8.6754,"",0.000,0.000,3,0,7,8,00,00,77,00*a65559b4
#BESTPOSA,COM1,0,73.0,COARSESTEERING,2434,182732.200,00200000,000e,10817;NO_CONVERGENCE,NONE,31.16412760056,121.45334242526,17.0048,0.0000,WGS84,3.3901,3.8067,8.6754,"",0.000,0.000,3,0,7,8,00,00,77,00*d77c3fe4
#BESTPOSA,COM1,0,73.0,COARSESTEERING,2434,182732.300,00200000,000e,10817;NO_CONVERGENCE,NONE,31.16412760056,121.45334242526,17.0048,0.0000,WGS84,3.3901,3.8067,8.6754,"",0.000,0.000,2,0,7,8,00,00,77,00*99569fb3
#BESTPOSA,COM1,0,73.0,COARSESTEERING,2434,182732.400,00200000,000e,10817;NO_CONVERGENCE,NONE,31.16412760056,121.45334242526,17.0048,0.0000,WGS84,3.3901,3.8067,8.6754,"",0.000,0.000,2,0,7,8,00,00,77,00*e2cc731c
#BESTPOSA,COM1,0,73.0,COARSESTEERING,2434,182732.500,00200000,000e,10817;NO_CONVERGENCE,NONE,31.16412760056,121.45334242526,17.0048,0.0000,WGS84,3.3901,3.8067,8.6754,"",0.000,0.000,2,0,7,8,00,00,77,00*7b045313
#BESTPOSA,COM1,0,74.0,COARSESTEERING,2434,182732.600,00200000,000e,10817;NO_CONVERGENCE,NONE,31.16412760056,121.45334242526,17.0048,0.0000,WGS84,3.3901,3.8067,8.6754,"",0.000,0.000,2,0,7,8,00,00,77,00*01e12959
#BESTPOSA,COM1,0,74.0,COARSESTEERING,2434,182732.700,00200000,000e,10817;NO_CONVERGENCE,NONE,31.16412760056,121.45334242526,17.0048,0.0000,WGS84,3.3901,3.8067,8.6754,"",0.000,0.000,2,0,7,8,00,00,77,00*98290956
#BESTPOSA,COM1,0,74.0,COARSESTEERING,2434,182732.800,00200000,000e,10817;NO_CONVERGENCE,NONE,31.16412760056,121.45334242526,17.0048,0.0000,WGS84,3.3901,3.8067,8.6754,"",0.000,0.000,2,0,7,8,00,00,77,00*f6d4f007
#BESTPOSA,COM1,0,74.0,COARSESTEERING,2434,182732.900,00200000,000e,10817;NO_CONVERGENCE,NONE,31.16412760056,121.45334242526,17.0048,0.0000,WGS84,3.3901,3.8067,8.6754,"",0.000,0.000,2,0,7,8,00,00,77,00*6f1cd008
#BESTPOSA,COM1,0,74.0,COARSESTEERING,2434,182733.000,00200000,000e,10817;NO_CONVERGENCE,NONE,31.16412760056,121.45334242526,17.0048,0.0000,WGS84,3.3901,3.8067,8.6754,"",0.000,0.000,2,0,7,8,00,00,77,00*5f454036
#RANGEA,COM1,0,74.0,COARSESTEERING,2434,182733.000,00200000,5103,10817;8,8,0,39749466.842,0.134,0.000000,0.354,-1763.817,21.3,0.000,4814107e,8,0,39749470.855,0.159,0.000000,0.377,-1426.039,19.1,0.000,4044107e,8,0,39749459.998,0.162,0.000000,0.392,-1771.401,17.7,0.000,40f4107e,8,0,39749466.987,0.164,0.000000,0.377,-1323.622,19.0,0.000,4134107e,31,0,24930373.714,0.164,0.000000,0.161,-3109.701,24.0,0.000,4814109d,31,0,24930371.065,0.198,0.000000,0.352,-2531.032,21.5,0.000,4044109e,31,0,24930369.417,0.307,0.000000,0.391,-3140.755,17.8,0.000,40f4109e,31,0,24930378.716,0.191,0.000000,0.347,-2344.888,22.0,0.000,4134109e*7a52e8e4
$GPGSV,1,1,00,,,,*79
$GNGST,024515.00,,,,,,,*60
#BESTPOSA,COM1,0,74.0,COARSESTEERING,2434,182733.100,00200000,000e,10817;NO_CONVERGENCE,NONE,31.16412760056,121.45334242526,17.0048,0.0000,WGS84,3.3901,3.8067,8.6754,"",0.000,0.000,2,0,7,8,00,00,77,00*c68d6039
#BESTPOSA,COM1,0,74.0,COARSESTEERING,2434,182733.200,00200000,000e,10817;NO_CONVERGENCE,NONE,31.16412760056,121.45334242526,17.0048,0.0000,WGS84,3.3901,3.8067,8.6754,"",0.000,0.000,2,0,7,8,00,00,77,00*b7a40669
#BESTPOSA,COM1,0,74.0,COARSESTEERING,2434,182733.300,00200000,000e,10817;NO_CONVERGENCE,NONE,31.16412760056,121.45334242526,17.0048,0.0000,WGS84,3.3901,3.8067,8.6754,"",0.000,0.000,2,0,7,8,00,00,77,00*2e6c2666
#BESTPOSA,COM1,0,74.0,COARSESTEERING,2434,182733.400,00200000,000e,10817;NO_CONVERGENCE,NONE,31.16412760056,121.45334242526,17.0048,0.0000,WGS84,3.3901,3.8067,8.6754,"",0.000,0.000,3,0,7,8,00,00,77,00*82144a91
#BESTPOSA,COM1,0,74.0,COARSESTEERING,2434,182733.500,00200000,000e,10817;NO_CONVERGENCE,NONE,31.16412760056,121.45334242526,17.0048,0.0000,WGS84,3.3901,3.8067,8.6754,"",0.000,0.000,3,0,7,8,00,00,77,00*1bdc6a9e
#BESTPOSA,COM1,0,73.5,COARSESTEERING,2434,182733.600,00200000,000e,10817;NO_CONVERGENCE,NONE,31.16412760056,121.45334242526,17.0048,0.0000,WGS84,3.3901,3.8067,8.6754,"",0.000,0.000,3,0,7,8,00,00,77,00*73af2e35
#BESTPOSA,COM1,0,73.5,COARSESTEERING,2434,182733.700,00200000,000e,10817;NO_CONVERGENCE,NONE,31.16412760056,121.45334242526,17.0048,0.0000,WGS84,3.3901,3.8067,8.6754,"",0.000,0.000,2,0,7,8,00,00,77,00*3d858e62
#BESTPOSA,COM1,0,73.5,COARSESTEERING,2434,182733.800,00200000,000e,10817;NO_CONVERGENCE,NONE,31.16412760056,121.45334242526,17.0048,0.0000,WGS84,3.3901,3.8067,8.6754,"",0.000,0.000,2,0,7,8,00,00,77,00*53787733
#BESTPOSA,COM1,0,73.5,COARSESTEERING,2434,182733.900,00200000,000e,10817;NO_CONVERGENCE,NONE,31.16412760056,121.45334242526,17.0048,0.0000,WGS84,3.3901,3.8067,8.6754,"",0.000,0.000,2,0,7,8,00,00,77,00*cab0573c
#BESTPOSA,COM1,0,73.5,COARSESTEERING,2434,182734.000,00200000,000e,10817;NO_CONVERGENCE,NONE,31.16412760056,121.45334242526,17.0048,0.0000,WGS84,3.3901,3.8067,8.6754,"",0.000,0.000,3,0,7,8,00,00,77,00*11de977a
#RANGEA,COM1,0,73.5,COARSESTEERING,2434,182734.000,00200000,5103,10817;9,54,11,22936040.726,0.198,0.000000,0.171,-4481.022,19.3,0.000,4811103d,8,0,39749805.050,0.135,0.000000,0.356,-1768.538,21.1,0.000,4814107e,8,0,39749805.802,0.167,0.000000,0.372,-1425.851,19.6,0.000,4044107e,8,0,39749800.650,0.163,0.000000,0.392,-1773.762,17.6,0.000,40f4107e,8,0,39749810.222,0.184,0.000000,0.378,-1325.172,19.0,0.000,4134107e,31,0,24930973.348,0.139,0.000000,0.332,-3111.026,23.4,0.000,4814109e,31,0,24930969.629,0.192,0.000000,0.351,-2529.016,21.6,0.000,4044109e,31,0,24930966.743,0.301,0.000000,0.391,-3140.840,17.8,0.000,40f4109e,31,0,24930974.918,0.185,0.000000,0.345,-2344.730,22.1,0.000,4134109e*54495336
$GPGSV,1,1,00,,,,*79
$GNGST,024516.00,,,,,,,*63
#BESTPOSA,COM1,0,73.5,COARSESTEERING,2434,182734.100,00200000,000e,10817;NO_CONVERGENCE,NONE,31.16412760056,121.45334242526,17.0048,0.0000,WGS84,3.3901,3.8067,8.6754,"",0.000,0.000,3,0,7,8,00,00,77,00*8816b775
#BESTPOSA,COM1,0,73.5,COARSESTEERING,2434,182734.200,00200000,000e,10817;NO_CONVERGENCE,NONE,31.16412760056,121.45334242526,17.0048,0.0000,WGS84,3.3901,3.8067,8.6754,"",0.000,0.000,3,0,7,8,00,00,77,00*f93fd125
#BESTPOSA,COM1,0,73.5,COARSESTEERING,2434,182734.300,00200000,000e,10817;NO_CONVERGENCE,NONE,31.16412760056,121.45334242526,17.0048,0.0000,WGS84,3.3901,3.8067,8.6754,"",0.000,0.000,3,0,7,8,00,00,77,00*60f7f12a
#BESTPOSA,COM1,0,73.5,COARSESTEERING,2434,182734.400,00200000,000e,10817;NO_CONVERGENCE,NONE,31.16412760056,121.45334242526,17.0048,0.0000,WGS84,3.3901,3.8067,8.6754,"",0.000,0.000,2,0,7,8,00,00,77,00*cc8f9ddd
#BESTPOSA,COM1,0,73.5,COARSESTEERING,2434,182734.500,00200000,000e,10817;NO_CONVERGENCE,NONE,31.16412760056,121.45334242526,17.0048,0.0000,WGS84,3.3901,3.8067,8.6754,"",0.000,0.000,3,0,7,8,00,00,77,00*82a53d8a
#BESTPOSA,COM1,0,74.0,COARSESTEERING,2434,182734.600,00200000,000e,10817;NO_CONVERGENCE,NONE,31.16412760056,121.45334242526,17.0048,0.0000,WGS84,3.3901,3.8067,8.6754,"",0.000,0.000,3,0,7,8,00,00,77,00*ead67921
#BESTPOSA,COM1,0,74.0,COARSESTEERING,2434,182734.700,00200000,000e,10817;NO_CONVERGENCE,NONE,31.16412760056,121.45334242526,17.0048,0.0000,WGS84,3.3901,3.8067,8.6754,"",0.000,0.000,3,0,7,8,00,00,77,00*731e592e
#BESTPOSA,COM1,0,74.0,COARSESTEERING,2434,182734.800,00200000,000e,10817;NO_CONVERGENCE,NONE,31.16412760056,121.45334242526,17.0048,0.0000,WGS84,3.3901,3.8067,8.6754,"",0.000,0.000,3,0,7,8,00,00,77,00*1de3a07f
#BESTPOSA,COM1,0,74.0,COARSESTEERING,2434,182734.900,00200000,000e,10817;NO_CONVERGENCE,NONE,31.16412760056,121.45334242526,17.0048,0.0000,WGS84,3.3901,3.8067,8.6754,"",0.000,0.000,3,0,7,8,00,00,77,00*842b8070
#BESTPOSA,COM1,0,74.0,COARSESTEERING,2434,182735.000,00200000,000e,10817;NO_CONVERGENCE,NONE,31.16412760056,121.45334242526,17.0048,0.0000,WGS84,3.3901,3.8067,8.6754,"",0.000,0.000,2,0,7,8,00,00,77,00*63909016
#RANGEA,COM1,0,74.0,COARSESTEERING,2434,182735.000,00200000,5103,10817;8,8,0,39750142.410,0.136,0.000000,0.359,-1760.784,20.9,0.000,4814107e,8,0,39750142.288,0.172,0.000000,0.370,-1426.572,19.8,0.000,4044107e,8,0,39750137.338,0.164,0.000000,0.394,-1773.350,17.5,0.000,40f4107e,8,0,39750145.833,0.173,0.000000,0.368,-1325.069,19.9,0.000,4134107e,31,0,24931575.847,0.196,0.000000,0.400,-3113.575,14.9,0.000,4814109e,31,0,24931567.899,0.183,0.000000,0.351,-2528.387,21.6,0.000,4044109e,31,0,24931562.227,0.292,0.000000,0.391,-3140.283,17.7,0.000,40f4109e,31,0,24931571.512,0.173,0.000000,0.346,-2344.519,22.1,0.000,4134109e*94e40ba9
$GPGSV,1,1,00,,,,*79
$GNGST,024517.00,,,,,,,*62
#BESTPOSA,COM1,0,74.0,COARSESTEERING,2434,182735.100,00200000,000e,10817;NO_CONVERGENCE,NONE,31.16412760056,121.45334242526,17.0048,0.0000,WGS84,3.3901,3.8067,8.6754,"",0.000,0.000,2,0,7,8,00,00,77,00*fa58b019
#BESTPOSA,COM1,0,74.0,COARSESTEERING,2434,182735.200,00200000,000e,10817;NO_CONVERGENCE,NONE,31.16412760056,121.45334242526,17.0048,0.0000,WGS84,3.3901,3.8067,8.6754,"",0.000,0.000,3,0,7,8,00,00,77,00*5c935611
#BESTPOSA,COM1,0,74.0,COARSESTEERING,2434,182735.300,00200000,000e,10817;NO_CONVERGENCE,NONE,31.16412760056,121.45334242526,17.0048,0.0000,WGS84,3.3901,3.8067,8.6754,"",0.000,0.000,3,0,7,8,00,00,77,00*c55b761e
#BESTPOSA,COM1,0,74.0,COARSESTEERING,2434,182735.400,00200000,000e,10817;NO_CONVERGENCE,NONE,31.16412760056,121.45334242526,17.0048,0.0000,WGS84,3.3901,3.8067,8.6754,"",0.000,0.000,3,0,7,8,00,00,77,00*bec19ab1
#BESTPOSA,COM1,0,82.0,APPROXIMATE,2434,182742.200,00000000,000e,10817;NO_CONVERGENCE,NONE,0.00000000000,0.00000000000,0.0000,0.0000,WGS84,0.0000,0.0000,0.0000,"",0.000,0.000,0,0,0,0,00,00,00,00*145cc771
#BESTPOSA,COM1,0,82.0,APPROXIMATE,2434,182742.300,00000000,000e,10817;NO_CONVERGENCE,NONE,0.00000000000,0.00000000000,0.0000,0.0000,WGS84,0.0000,0.0000,0.0000,"",0.000,0.000,0,0,0,0,00,00,00,00*c15fd8b7
#BESTPOSA,COM1,0,82.0,APPROXIMATE,2434,182742.400,00000000,000e,10817;NO_CONVERGENCE,NONE,0.00000000000,0.00000000000,0.0000,0.0000,WGS84,0.0000,0.0000,0.0000,"",0.000,0.000,0,0,0,0,00,00,00,00*87c58d26
#BESTPOSA,COM1,0,82.0,APPROXIMATE,2434,182742.500,00000000,000e,10817;NO_CONVERGENCE,NONE,0.00000000000,0.00000000000,0.0000,0.0000,WGS84,0.0000,0.0000,0.0000,"",0.000,0.000,0,0,0,0,00,00,00,00*52c692e0
#BESTPOSA,COM1,0,82.0,APPROXIMATE,2434,182742.600,00000000,000e,10817;NO_CONVERGENCE,NONE,0.00000000000,0.00000000000,0.0000,0.0000,WGS84,0.0000,0.0000,0.0000,"",0.000,0.000,0,0,0,0,00,00,00,00*f6b2b4eb
#BESTPOSA,COM1,0,82.0,APPROXIMATE,2434,182742.700,00000000,000e,10817;NO_CONVERGENCE,NONE,0.00000000000,0.00000000000,0.0000,0.0000,WGS84,0.0000,0.0000,0.0000,"",0.000,0.000,0,0,0,0,00,00,00,00*23b1ab2d
$GPGSV,1,1,00,,,,*79
$GNGST,024524.70,,,,,,,*65
#BESTPOSA,COM1,0,81.5,APPROXIMATE,2434,182742.800,00000000,000e,10817;NO_CONVERGENCE,NONE,0.00000000000,0.00000000000,0.0000,0.0000,WGS84,0.0000,0.0000,0.0000,"",0.000,0.000,0,0,0,0,00,00,00,00*4e047b82
#BESTPOSA,COM1,0,81.5,APPROXIMATE,2434,182742.900,00000000,000e,10817;NO_CONVERGENCE,NONE,0.00000000000,0.00000000000,0.0000,0.0000,WGS84,0.0000,0.0000,0.0000,"",0.000,0.000,0,0,0,0,00,00,00,00*9b076444
#BESTPOSA,COM1,0,81.5,APPROXIMATE,2434,182743.000,00000000,000e,10817;NO_CONVERGENCE,NONE,0.00000000000,0.00000000000,0.0000,0.0000,WGS84,0.0000,0.0000,0.0000,"",0.000,0.000,0,0,0,0,00,00,00,00*400132c9
#BESTPOSA,COM1,0,81.5,APPROXIMATE,2434,182743.100,00000000,000e,10817;NO_CONVERGENCE,NONE,0.00000000000,0.00000000000,0.0000,0.0000,WGS84,0.0000,0.0000,0.0000,"",0.000,0.000,0,0,0,0,00,00,00,00*95022d0f
#BESTPOSA,COM1,0,81.5,APPROXIMATE,2434,182743.200,00000000,000e,10817;NO_CONVERGENCE,NONE,0.00000000000,0.00000000000,0.0000,0.0000,WGS84,0.0000,0.0000,0.0000,"",0.000,0.000,0,0,0,0,00,00,00,00*31760b04
#BESTPOSA,COM1,0,81.5,APPROXIMATE,2434,182743.300,00000000,000e,10817;NO_CONVERGENCE,NONE,0.00000000000,0.00000000000,0.0000,0.0000,WGS84,0.0000,0.0000,0.0000,"",0.000,0.000,0,0,0,0,00,00,00,00*e47514c2
#BESTPOSA,COM1,0,81.5,APPROXIMATE,2434,182743.400,00000000,000e,10817;NO_CONVERGENCE,NONE,0.00000000000,0.00000000000,0.0000,0.0000,WGS84,0.0000,0.0000,0.0000,"",0.000,0.000,0,0,0,0,00,00,00,00*a2ef4153
#BESTPOSA,COM1,0,81.5,APPROXIMATE,2434,182743.500,00000000,000e,10817;NO_CONVERGENCE,NONE,0.00000000000,0.00000000000,0.0000,0.0000,WGS84,0.0000,0.0000,0.0000,"",0.000,0.000,0,0,0,0,00,00,00,00*77ec5e95
#BESTPOSA,COM1,0,81.5,APPROXIMATE,2434,182743.600,00000000,000e,10817;NO_CONVERGENCE,NONE,0.00000000000,0.00000000000,0.0000,0.0000,WGS84,0.0000,0.0000,0.0000,"",0.000,0.000,0,0,0,0,00,00,00,00*d398789e
#BESTPOSA,COM1,0,81.5,APPROXIMATE,2434,182743.700,00000000,000e,10817;NO_CONVERGENCE,NONE,0.00000000000,0.00000000000,0.0000,0.0000,WGS84,0.0000,0.0000,0.0000,"",0.000,0.000,0,0,0,0,00,00,00,00*069b6758
$GPGSV,1,1,00,,,,*79
$GNGST,024525.70,,,,,,,*64
#BESTPOSA,COM1,0,80.5,APPROXIMATE,2434,182743.800,00000000,000e,10817;NO_CONVERGENCE,NONE,0.00000000000,0.00000000000,0.0000,0.0000,WGS84,0.0000,0.0000,0.0000,"",0.000,0.000,0,0,0,0,00,00,00,00*40c39542
#BESTPOSA,COM1,0,80.5,APPROXIMATE,2434,182743.900,00000000,000e,10817;NO_CONVERGENCE,NONE,0.00000000000,0.00000000000,0.0000,0.0000,WGS84,0.0000,0.0000,0.0000,"",0.000,0.000,0,0,0,0,00,00,00,00*95c08a84
#BESTPOSA,COM1,0,80.5,APPROXIMATE,2434,182744.000,00000000,000e,10817;NO_CONVERGENCE,NONE,0.00000000000,0.00000000000,0.0000,0.0000,WGS84,0.0000,0.0000,0.0000,"",0.000,0.000,0,0,0,0,00,00,00,00*2d352c8d
#BESTPOSA,COM1,0,80.5,APPROXIMATE,2434,182744.100,00000000,000e,10817;NO_CONVERGENCE,NONE,0.00000000000,0.00000000000,0.0000,0.0000,WGS84,0.0000,0.0000,0.0000,"",0.000,0.000,0,0,0,0,00,00,00,00*f836334b
#BESTPOSA,COM1,0,80.5,APPROXIMATE,2434,182744.200,00000000,000e,10817;NO_CONVERGENCE,NONE,0.00000000000,0.00000000000,0.0000,0.0000,WGS84,0.0000,0.0000,0.0000,"",0.000,0.000,0,0,0,0,00,00,00,00*5c421540
#BESTPOSA,COM1,0,80.5,APPROXIMATE,2434,182744.300,00000000,000e,10817;NO_CONVERGENCE,NONE,0.00000000000,0.00000000000,0.0000,0.0000,WGS84,0.0000,0.0000,0.0000,"",0.000,0.000,0,0,0,0,00,00,00,00*89410a86
#BESTPOSA,COM1,0,80.5,APPROXIMATE,2434,182744.400,00000000,000e,10817;NO_CONVERGENCE,NONE,0.00000000000,0.00000000000,0.0000,0.0000,WGS84,0.0000,0.0000,0.0000,"",0.000,0.000,0,0,0,0,00,00,00,00*cfdb5f17
#BESTPOSA,COM1,0,80.5,APPROXIMATE,2434,182744.500,00000000,000e,10817;NO_CONVERGENCE,NONE,0.00000000000,0.00000000000,0.0000,0.0000,WGS84,0.0000,0.0000,0.0000,"",0.000,0.000,0,0,0,0,00,00,00,00*1ad840d1
#BESTPOSA,COM1,0,80.5,APPROXIMATE,2434,182744.600,00000000,000e,10817;NO_CONVERGENCE,NONE,0.00000000000,0.00000000000,0.0000,0.0000,WGS84,0.0000,0.0000,0.0000,"",0.000,0.000,0,0,0,0,00,00,00,00*beac66da
#BESTPOSA,COM1,0,80.5,APPROXIMATE,2434,182744.700,00000000,000e,10817;NO_CONVERGENCE,NONE,0.00000000000,0.00000000000,0.0000,0.0000,WGS84,0.0000,0.0000,0.0000,"",0.000,0.000,0,0,0,0,00,00,00,00*6baf791c
$GPGSV,1,1,00,,,,*79
$GNGST,024526.70,,,,,,,*67
#BESTPOSA,COM1,0,81.0,APPROXIMATE,2434,182744.800,00000000,000e,10817;NO_CONVERGENCE,NONE,0.00000000000,0.00000000000,0.0000,0.0000,WGS84,0.0000,0.0000,0.0000,"",0.000,0.000,0,0,0,0,00,00,00,00*3ac4244f
#BESTPOSA,COM1,0,81.0,APPROXIMATE,2434,182744.900,00000000,000e,10817;NO_CONVERGENCE,NONE,0.00000000000,0.00000000000,0.0000,0.0000,WGS84,0.0000,0.0000,0.0000,"",0.000,0.000,0,0,0,0,00,00,00,00*efc73b89
#BESTPOSA,COM1,0,81.0,APPROXIMATE,2434,182745.000,00000000,000e,10817;NO_CONVERGENCE,NONE,0.00000000000,0.00000000000,0.0000,0.0000,WGS84,0.0000,0.0000,0.0000,"",0.000,0.000,0,0,0,0,00,00,00,00*34c16d04
#BESTPOSA,COM1,0,81.0,APPROXIMATE,2434,182745.100,00000000,000e,10817;NO_CONVERGENCE,NONE,0.00000000000,0.00000000000,0.0000,0.0000,WGS84,0.0000,0.0000,0.0000,"",0.000,0.000,0,0,0,0,00,00,00,00*e1c272c2
#BESTPOSA,COM1,0,81.0,APPROXIMATE,2434,182745.200,00000000,000e,10817;NO_CONVERGENCE,NONE,0.00000000000,0.00000000000,0.0000,0.0000,WGS84,0.0000,0.0000,0.0000,"",0.000,0.000,0,0,0,0,00,00,00,00*45b654c9
#BESTPOSA,COM1,0,81.0,APPROXIMATE,2434,182745.300,00000000,000e,10817;NO_CONVERGENCE,NONE,0.00000000000,0.00000000000,0.0000,0.0000,WGS84,0.0000,0.0000,0.0000,"",0.000,0.000,0,0,0,0,00,00,00,00*90b54b0f
#BESTPOSA,COM1,0,81.0,APPROXIMATE,2434,182745.400,00000000,000e,10817;NO_CONVERGENCE,NONE,0.00000000000,0.00000000000,0.0000,0.0000,WGS84,0.0000,0.0000,0.0000,"",0.000,0.000,0,0,0,0,00,00,00,00*d62f1e9e
#BESTPOSA,COM1,0,81.0,APPROXIMATE,2434,182745.500,00000000,000e,10817;NO_CONVERGENCE,NONE,0.00000000000,0.00000000000,0.0000,0.0000,WGS84,0.0000,0.0000,0.0000,"",0.000,0.000,0,0,0,0,00,00,00,00*032c0158
#BESTPOSA,COM1,0,81.0,APPROXIMATE,2434,182745.600,00000000,000e,10817;NO_CONVERGENCE,NONE,0.00000000000,0.00000000000,0.0000,0.0000,WGS84,0.0000,0.0000,0.0000,"",0.000,0.000,0,0,0,0,00,00,00,00*a7582753
#BESTPOSA,COM1,0,81.0,APPROXIMATE,2434,182745.700,00000000,000e,10817;NO_CONVERGENCE,NONE,0.00000000000,0.00000000000,0.0000,0.0000,WGS84,0.0000,0.0000,0.0000,"",0.000,0.000,0,0,0,0,00,00,00,00*725b3895
$GPGSV,1,1,00,,,,*79
$GNGST,024527.70,,,,,,,*66
#BESTPOSA,COM1,0,82.5,APPROXIMATE,2434,182745.800,00000000,000e,10817;NO_CONVERGENCE,NONE,0.00000000000,0.00000000000,0.0000,0.0000,WGS84,0.0000,0.0000,0.0000,"",0.000,0.000,0,0,0,0,00,00,00,00*1feee83a
#BESTPOSA,COM1,0,82.5,APPROXIMATE,2434,182745.900,00000000,000e,10817;NO_CONVERGENCE,NONE,0.00000000000,0.00000000000,0.0000,0.0000,WGS84,0.0000,0.0000,0.0000,"",0.000,0.000,0,0,0,0,00,00,00,00*caedf7fc
#BESTPOSA,COM1,0,82.5,APPROXIMATE,2434,182746.000,00000000,000e,10817;NO_CONVERGENCE,NONE,0.00000000000,0.00000000000,0.0000,0.0000,WGS84,0.0000,0.0000,0.0000,"",0.000,0.000,0,0,0,0,00,00,00,00*30baf10d
#BESTPOSA,COM1,0,82.5,APPROXIMATE,2434,182746.100,00000000,000e,10817;NO_CONVERGENCE,NONE,0.00000000000,0.00000000000,0.0000,0.0000,WGS84,0.0000,0.0000,0.0000,"",0.000,0.000,0,0,0,0,00,00,00,00*e5b9eecb
#BESTPOSA,COM1,0,82.5,APPROXIMATE,2434,182746.200,00000000,000e,10817;NO_CONVERGENCE,NONE,0.00000000000,0.00000000000,0.0000,0.0000,WGS84,0.0000,0.0000,0.0000,"",0.000,0.000,0,0,0,0,00,00,00,00*41cdc8c0
#BESTPOSA,COM1,0,82.5,APPROXIMATE,2434,182746.300,00000000,000e,10817;NO_CONVERGENCE,NONE,0.00000000000,0.00000000000,0.0000,0.0000,WGS84,0.0000,0.0000,0.0000,"",0.000,0.000,0,0,0,0,00,00,00,00*94ced706
#BESTPOSA,COM1,0,82.5,APPROXIMATE,2434,182746.400,00000000,000e,10817;NO_CONVERGENCE,NONE,0.00000000000,0.00000000000,0.0000,0.0000,WGS84,0.0000,0.0000,0.0000,"",0.000,0.000,0,0,0,0,00,00,00,00*d2548297
#BESTPOSA,COM1,0,82.5,APPROXIMATE,2434,182746.500,00000000,000e,10817;NO_CONVERGENCE,NONE,0.00000000000,0.00000000000,0.0000,0.0000,WGS84,0.0000,0.0000,0.0000,"",0.000,0.000,0,0,0,0,00,00,00,00*07579d51
#BESTPOSA,COM1,0,82.5,APPROXIMATE,2434,182746.600,00000000,000e,10817;NO_CONVERGENCE,NONE,0.00000000000,0.00000000000,0.0000,0.0000,WGS84,0.0000,0.0000,0.0000,"",0.000,0.000,0,0,0,0,00,00,00,00*a323bb5a
#BESTPOSA,COM1,0,82.5,APPROXIMATE,2434,182746.700,00000000,000e,10817;NO_CONVERGENCE,NONE,0.00000000000,0.00000000000,0.0000,0.0000,WGS84,0.0000,0.0000,0.0000,"",0.000,0.000,0,0,0,0,00,00,00,00*7620a49c
$GPGSV,1,1,00,,,,*79
$GNGST,024528.70,,,,,,,*69
#BESTPOSA,COM1,0,82.5,APPROXIMATE,2434,182746.800,00000000,000e,10817;NO_CONVERGENCE,NONE,0.00000000000,0.00000000000,0.0000,0.0000,WGS84,0.0000,0.0000,0.0000,"",0.000,0.000,0,0,0,0,00,00,00,00*2e171078
#BESTPOSA,COM1,0,82.5,APPROXIMATE,2434,182746.900,00000000,000e,10817;NO_CONVERGENCE,NONE,0.00000000000,0.00000000000,0.0000,0.0000,WGS84,0.0000,0.0000,0.0000,"",0.000,0.000,0,0,0,0,00,00,00,00*fb140fbe
#BESTPOSA,COM1,0,35.0,APPROXIMATE,2434,182755.200,00008000,000e,10817;NO_CONVERGENCE,NONE,0.00000000000,0.00000000000,0.0000,0.0000,WGS84,0.0000,0.0000,0.0000,"",0.000,0.000,0,0,0,0,00,00,00,00*81193256
#BESTPOSA,COM1,0,35.0,APPROXIMATE,2434,182755.300,00008000,000e,10817;NO_CONVERGENCE,NONE,0.00000000000,0.00000000000,0.0000,0.0000,WGS84,0.0000,0.0000,0.0000,"",0.000,0.000,0,0,0,0,00,00,00,00*541a2d90
#BESTPOSA,COM1,0,35.0,APPROXIMATE,2434,182755.400,00008000,000e,10817;NO_CONVERGENCE,NONE,0.00000000000,0.00000000000,0.0000,0.0000,WGS84,0.0000,0.0000,0.0000,"",0.000,0.000,0,0,0,0,00,00,00,00*12807801
$GPGSV,1,1,00,,,,*79
$GNGST,024537.40,,,,,,,*64
#BESTPOSA,COM1,0,81.0,APPROXIMATE,2434,182755.500,00008000,000e,10817;NO_CONVERGENCE,NONE,0.00000000000,0.00000000000,0.0000,0.0000,WGS84,0.0000,0.0000,0.0000,"",0.000,0.000,0,0,0,0,00,00,00,00*ed5c24f3
#BESTPOSA,COM1,0,81.0,APPROXIMATE,2434,182755.600,00008000,000e,10817;NO_CONVERGENCE,NONE,0.00000000000,0.00000000000,0.0000,0.0000,WGS84,0.0000,0.0000,0.0000,"",0.000,0.000,0,0,0,0,00,00,00,00*492802f8
#BESTPOSA,COM1,0,81.0,APPROXIMATE,2434,182755.700,00008000,000e,10817;NO_CONVERGENCE,NONE,0.00000000000,0.00000000000,0.0000,0.0000,WGS84,0.0000,0.0000,0.0000,"",0.000,0.000,0,0,0,0,00,00,00,00*9c2b1d3e
#BESTPOSA,COM1,0,81.0,APPROXIMATE,2434,182755.800,00008000,000e,10817;NO_CONVERGENCE,NONE,0.00000000000,0.00000000000,0.0000,0.0000,WGS84,0.0000,0.0000,0.0000,"",0.000,0.000,0,0,0,0,00,00,00,00*c41ca9da
#BESTPOSA,COM1,0,81.0,APPROXIMATE,2434,182755.900,00008000,000e,10817;NO_CONVERGENCE,NONE,0.00000000000,0.00000000000,0.0000,0.0000,WGS84,0.0000,0.0000,0.0000,"",0.000,0.000,0,0,0,0,00,00,00,00*111fb61c
#BESTPOSA,COM1,0,81.0,APPROXIMATE,2434,182756.000,00008000,000e,10817;NO_CONVERGENCE,NONE,0.00000000000,0.00000000000,0.0000,0.0000,WGS84,0.0000,0.0000,0.0000,"",0.000,0.000,0,0,0,0,00,00,00,00*eb48b0ed
#BESTPOSA,COM1,0,81.0,APPROXIMATE,2434,182756.100,00008000,000e,10817;NO_CONVERGENCE,NONE,0.00000000000,0.00000000000,0.0000,0.0000,WGS84,0.0000,0.0000,0.0000,"",0.000,0.000,0,0,0,0,00,00,00,00*3e4baf2b
#BESTPOSA,COM1,0,81.0,APPROXIMATE,2434,182756.200,00008000,000e,10817;NO_CONVERGENCE,NONE,0.00000000000,0.00000000000,0.0000,0.0000,WGS84,0.0000,0.0000,0.0000,"",0.000,0.000,0,0,0,0,00,00,00,00*9a3f8920
#BESTPOSA,COM1,0,81.0,APPROXIMATE,2434,182756.300,00008000,000e,10817;NO_CONVERGENCE,NONE,0.00000000000,0.00000000000,0.0000,0.0000,WGS84,0.0000,0.0000,0.0000,"",0.000,0.000,0,0,0,0,00,00,00,00*4f3c96e6
#BESTPOSA,COM1,0,81.0,APPROXIMATE,2434,182756.400,00008000,000e,10817;NO_CONVERGENCE,NONE,0.00000000000,0.00000000000,0.0000,0.0000,WGS84,0.0000,0.0000,0.0000,"",0.000,0.000,0,0,0,0,00,00,00,00*09a6c377
$GPGSV,1,1,00,,,,*79
$GNGST,024538.40,,,,,,,*6B
#BESTPOSA,COM1,0,82.0,APPROXIMATE,2434,182756.500,00000000,000e,10817;NO_CONVERGENCE,NONE,0.00000000000,0.00000000000,0.0000,0.0000,WGS84,0.0000,0.0000,0.0000,"",0.000,0.000,0,0,0,0,00,00,00,00*d115871b
#BESTPOSA,COM1,0,82.0,APPROXIMATE,2434,182756.600,00000000,000e,10817;NO_CONVERGENCE,NONE,0.00000000000,0.00000000000,0.0000,0.0000,WGS84,0.0000,0.0000,0.0000,"",0.000,0.000,0,0,0,0,00,00,00,00*7561a110
#BESTPOSA,COM1,0,82.0,APPROXIMATE,2434,182756.700,00000000,000e,10817;NO_CONVERGENCE,NONE,0.00000000000,0.00000000000,0.0000,0.0000,WGS84,0.0000,0.0000,0.0000,"",0.000,0.000,0,0,0,0,00,00,00,00*a062bed6
#BESTPOSA,COM1,0,82.0,APPROXIMATE,2434,182756.800,00000000,000e,10817;NO_CONVERGENCE,NONE,0.00000000000,0.00000000000,0.0000,0.0000,WGS84,0.0000,0.0000,0.0000,"",0.000,0.000,0,0,0,0,00,00,00,00*f8550a32
#BESTPOSA,COM1,0,82.0,APPROXIMATE,2434,182756.900,00000000,000e,10817;NO_CONVERGENCE,NONE,0.00000000000,0.00000000000,0.0000,0.0000,WGS84,0.0000,0.0000,0.0000,"",0.000,0.000,0,0,0,0,00,00,00,00*2d5615f4
#BESTPOSA,COM1,0,82.0,APPROXIMATE,2434,182757.000,00000000,000e,10817;NO_CONVERGENCE,NONE,0.00000000000,0.00000000000,0.0000,0.0000,WGS84,0.0000,0.0000,0.0000,"",0.000,0.000,0,0,0,0,00,00,00,00*f6504379
#BESTPOSA,COM1,0,82.0,APPROXIMATE,2434,182757.100,00000000,000e,10817;NO_CONVERGENCE,NONE,0.00000000000,0.00000000000,0.0000,0.0000,WGS84,0.0000,0.0000,0.0000,"",0.000,0.000,0,0,0,0,00,00,00,00*23535cbf
#BESTPOSA,COM1,0,82.0,APPROXIMATE,2434,182757.200,00000000,000e,10817;NO_CONVERGENCE,NONE,0.00000000000,0.00000000000,0.0000,0.0000,WGS84,0.0000,0.0000,0.0000,"",0.000,0.000,0,0,0,0,00,00,00,00*87277ab4
#BESTPOSA,COM1,0,82.0,APPROXIMATE,2434,182757.300,00000000,000e,10817;NO_CONVERGENCE,NONE,0.00000000000,0.00000000000,0.0000,0.0000,WGS84,0.0000,0.0000,0.0000,"",0.000,0.000,0,0,0,0,00,00,00,00*52246572
#BESTPOSA,COM1,0,82.0,APPROXIMATE,2434,182757.400,00000000,000e,10817;NO_CONVERGENCE,NONE,0.00000000000,0.00000000000,0.0000,0.0000,WGS84,0.0000,0.0000,0.0000,"",0.000,0.000,0,0,0,0,00,00,00,00*14be30e3
$GPGSV,1,1,00,,,,*79
$GNGST,024539.40,,,,,,,*6A
#BESTPOSA,COM1,0,82.5,APPROXIMATE,2434,182757.500,00000000,000e,10817;NO_CONVERGENCE,NONE,0.00000000000,0.00000000000,0.0000,0.0000,WGS84,0.0000,0.0000,0.0000,"",0.000,0.000,0,0,0,0,00,00,00,00*d68e806c
#BESTPOSA,COM1,0,82.5,APPROXIMATE,2434,182757.600,00000000,000e,10817;NO_CONVERGENCE,NONE,0.00000000000,0.00000000000,0.0000,0.0000,WGS84,0.0000,0.0000,0.0000,"",0.000,0.000,0,0,0,0,00,00,00,00*72faa667
#BESTPOSA,COM1,0,82.5,APPROXIMATE,2434,182757.700,00000000,000e,10817;NO_CONVERGENCE,NONE,0.00000000000,0.00000000000,0.0000,0.0000,WGS84,0.0000,0.0000,0.0000,"",0.000,0.000,0,0,0,0,00,00,00,00*a7f9b9a1
#BESTPOSA,COM1,0,82.5,APPROXIMATE,2434,182757.800,00000000,000e,10817;NO_CONVERGENCE,NONE,0.00000000000,0.00000000000,0.0000,0.0000,WGS84,0.0000,0.0000,0.0000,"",0.000,0.000,0,0,0,0,00,00,00,00*ffce0d45
#BESTPOSA,COM1,0,82.5,APPROXIMATE,2434,182757.900,00000000,000e,10817;NO_CONVERGENCE,NONE,0.00000000000,0.00000000000,0.0000,0.0000,WGS84,0.0000,0.0000,0.0000,"",0.000,0.000,0,0,0,0,00,00,00,00*2acd1283
#BESTPOSA,COM1,0,82.5,APPROXIMATE,2434,182758.000,00000000,000e,10817;NO_CONVERGENCE,NONE,0.00000000000,0.00000000000,0.0000,0.0000,WGS84,0.0000,0.0000,0.0000,"",0.000,0.000,0,0,0,0,00,00,00,00*177df57a
#BESTPOSA,COM1,0,82.5,APPROXIMATE,2434,182758.100,00000000,000e,10817;NO_CONVERGENCE,NONE,0.00000000000,0.00000000000,0.0000,0.0000,WGS84,0.0000,0.0000,0.0000,"",0.000,0.000,0,0,0,0,00,00,00,00*c27eeabc
#BESTPOSA,COM1,0,82.5,APPROXIMATE,2434,182758.200,00000000,000e,10817;NO_CONVERGENCE,NONE,0.00000000000,0.00000000000,0.0000,0.0000,WGS84,0.0000,0.0000,0.0000,"",0.000,0.000,0,0,0,0,00,00,00,00*660accb7
#BESTPOSA,COM1,0,82.5,APPROXIMATE,2434,182758.300,00000000,000e,10817;NO_CONVERGENCE,NONE,0.00000000000,0.00000000000,0.0000,0.0000,WGS84,0.0000,0.0000,0.0000,"",0.000,0.000,0,0,0,0,00,00,00,00*b309d371
#BESTPOSA,COM1,0,82.5,APPROXIMATE,2434,182758.400,00000000,000e,10817;NO_CONVERGENCE,NONE,0.00000000000,0.00000000000,0.0000,0.0000,WGS84,0.0000,0.0000,0.0000,"",0.000,0.000,0,0,0,0,00,00,00,00*f59386e0
$GPGSV,1,1,00,,,,*79
$GNGST,024540.40,,,,,,,*64
#BESTPOSA,COM1,0,80.0,APPROXIMATE,2434,182758.500,00000000,000e,10817;NO_CONVERGENCE,NONE,0.00000000000,0.00000000000,0.0000,0.0000,WGS84,0.0000,0.0000,0.0000,"",0.000,0.000,0,0,0,0,00,00,00,00*0b7dbb93
#BESTPOSA,COM1,0,80.0,APPROXIMATE,2434,182758.600,00000000,000e,10817;NO_CONVERGENCE,NONE,0.00000000000,0.00000000000,0.0000,0.0000,WGS84,0.0000,0.0000,0.0000,"",0.000,0.000,0,0,0,0,00,00,00,00*af099d98
#BESTPOSA,COM1,0,80.0,APPROXIMATE,2434,182758.700,00000000,000e,10817;NO_CONVERGENCE,NONE,0.00000000000,0.00000000000,0.0000,0.0000,WGS84,0.0000,0.0000,0.0000,"",0.000,0.000,0,0,0,0,00,00,00,00*7a0a825e
#BESTPOSA,COM1,0,80.0,APPROXIMATE,2434,182758.800,00000000,000e,10817;NO_CONVERGENCE,NONE,0.00000000000,0.00000000000,0.0000,0.0000,WGS84,0.0000,0.0000,0.0000,"",0.000,0.000,0,0,0,0,00,00,00,00*223d36ba
#BESTPOSA,COM1,0,80.0,APPROXIMATE,2434,182758.900,00000000,000e,10817;NO_CONVERGENCE,NONE,0.00000000000,0.00000000000,0.0000,0.0000,WGS84,0.0000,0.0000,0.0000,"",0.000,0.000,0,0,0,0,00,00,00,00*f73e297c
#BESTPOSA,COM1,0,80.0,APPROXIMATE,2434,182759.000,00000000,000e,10817;NO_CONVERGENCE,NONE,0.00000000000,0.00000000000,0.0000,0.0000,WGS84,0.0000,0.0000,0.0000,"",0.000,0.000,0,0,0,0,00,00,00,00*2c387ff1
#BESTPOSA,COM1,0,80.0,APPROXIMATE,2434,182759.100,00000000,000e,10817;NO_CONVERGENCE,NONE,0.00000000000,0.00000000000,0.0000,0.0000,WGS84,0.0000,0.0000,0.0000,"",0.000,0.000,0,0,0,0,00,00,00,00*f93b6037
#BESTPOSA,COM1,0,80.0,APPROXIMATE,2434,182759.200,00000000,000e,10817;NO_CONVERGENCE,NONE,0.00000000000,0.00000000000,0.0000,0.0000,WGS84,0.0000,0.0000,0.0000,"",0.000,0.000,0,0,0,0,00,00,00,00*5d4f463c
#BESTPOSA,COM1,0,80.0,APPROXIMATE,2434,182759.300,00000000,000e,10817;NO_CONVERGENCE,NONE,0.00000000000,0.00000000000,0.0000,0.0000,WGS84,0.0000,0.0000,0.0000,"",0.000,0.000,0,0,0,0,00,00,00,00*884c59fa
#BESTPOSA,COM1,0,80.0,APPROXIMATE,2434,182759.400,00000000,000e,10817;NO_CONVERGENCE,NONE,0.00000000000,0.00000000000,0.0000,0.0000,WGS84,0.0000,0.0000,0.0000,"",0.000,0.000,0,0,0,0,00,00,00,00*ced60c6b
$GPGSV,1,1,00,,,,*79
$GNGST,024541.40,,,,,,,*65
#BESTPOSA,COM1,0,79.5,APPROXIMATE,2434,182759.500,00000000,000e,10817;NO_CONVERGENCE,NONE,0.00000000000,0.00000000000,0.0000,0.0000,WGS84,0.0000,0.0000,0.0000,"",0.000,0.000,0,0,0,0,00,00,00,00*018e5213
#BESTPOSA,COM1,0,79.5,APPROXIMATE,2434,182759.600,00000000,000e,10817;NO_CONVERGENCE,NONE,0.00000000000,0.00000000000,0.0000,0.0000,WGS84,0.0000,0.0000,0.0000,"",0.000,0.000,0,0,0,0,00,00,00,00*a5fa7418
#BESTPOSA,COM1,0,79.5,APPROXIMATE,2434,182759.700,00000000,000e,10817;NO_CONVERGENCE,NONE,0.00000000000,0.00000000000,0.0000,0.0000,WGS84,0.0000,0.0000,0.0000,"",0.000,0.000,0,0,0,0,00,00,00,00*70f96bde
#BESTPOSA,COM1,0,79.5,APPROXIMATE,2434,182759.800,00000000,000e,10817;NO_CONVERGENCE,NONE,0.00000000000,0.00000000000,0.0000,0.0000,WGS84,0.0000,0.0000,0.0000,"",0.000,0.000,0,0,0,0,00,00,00,00*28cedf3a
#BESTPOSA,COM1,0,79.5,APPROXIMATE,2434,182759.900,00000000,000e,10817;NO_CONVERGENCE,NONE,0.00000000000,0.00000000000,0.0000,0.0000,WGS84,0.0000,0.0000,0.0000,"",0.000,0.000,0,0,0,0,00,00,00,00*fdcdc0fc
#BESTPOSA,COM1,0,79.5,APPROXIMATE,2434,182760.000,00000000,000e,10817;NO_CONVERGENCE,NONE,0.00000000000,0.00000000000,0.0000,0.0000,WGS84,0.0000,0.0000,0.0000,"",0.000,0.000,0,0,0,0,00,00,00,00*3b6d0ec5
#BESTPOSA,COM1,0,79.5,APPROXIMATE,2434,182760.100,00000000,000e,10817;NO_CONVERGENCE,NONE,0.00000000000,0.00000000000,0.0000,0.0000,WGS84,0.0000,0.0000,0.0000,"",0.000,0.000,0,0,0,0,00,00,00,00*ee6e1103
#BESTPOSA,COM1,0,79.5,APPROXIMATE,2434,182760.200,00000000,000e,10817;NO_CONVERGENCE,NONE,0.00000000000,0.00000000000,0.0000,0.0000,WGS84,0.0000,0.0000,0.0000,"",0.000,0.000,0,0,0,0,00,00,00,00*4a1a3708
#BESTPOSA,COM1,0,79.5,APPROXIMATE,2434,182760.300,00000000,000e,10817;NO_CONVERGENCE,NONE,0.00000000000,0.00000000000,0.0000,0.0000,WGS84,0.0000,0.0000,0.0000,"",0.000,0.000,0,0,0,0,00,00,00,00*9f1928ce
#BESTPOSA,COM1,0,79.5,APPROXIMATE,2434,182760.400,00000000,000e,10817;NO_CONVERGENCE,NONE,0.00000000000,0.00000000000,0.0000,0.0000,WGS84,0.0000,0.0000,0.0000,"",0.000,0.000,0,0,0,0,00,00,00,00*d9837d5f
$GPGSV,1,1,00,,,,*79
$GNGST,024542.40,,,,,,,*66
#BESTPOSA,COM1,0,79.0,APPROXIMATE,2434,182760.500,00000000,000e,10817;NO_CONVERGENCE,NONE,0.00000000000,0.00000000000,0.0000,0.0000,WGS84,0.0000,0.0000,0.0000,"",0.000,0.000,0,0,0,0,00,00,00,00*1bb3cdd0
#BESTPOSA,COM1,0,79.0,APPROXIMATE,2434,182760.600,00000000,000e,10817;NO_CONVERGENCE,NONE,0.00000000000,0.00000000000,0.0000,0.0000,WGS84,0.0000,0.0000,0.0000,"",0.000,0.000,0,0,0,0,00,00,00,00*bfc7ebdb
#BESTPOSA,COM1,0,79.0,APPROXIMATE,2434,182760.700,00000000,000e,10817;NO_CONVERGENCE,NONE,0.00000000000,0.00000000000,0.0000,0.0000,WGS84,0.0000,0.0000,0.0000,"",0.000,0.000,0,0,0,0,00,00,00,00*6ac4f41d
#BESTPOSA,COM1,0,79.0,APPROXIMATE,2434,182760.800,00000000,000e,10817;NO_CONVERGENCE,NONE,0.00000000000,0.00000000000,0.0000,0.0000,WGS84,0.0000,0.0000,0.0000,"",0.000,0.000,0,0,0,0,00,00,00,00*32f340f9
#BESTPOSA,COM1,0,79.0,APPROXIMATE,2434,182760.900,00000000,000e,10817;NO_CONVERGENCE,NONE,0.00000000000,0.00000000000,0.0000,0.0000,WGS84,0.0000,0.0000,0.0000,"",0.000,0.000,0,0,0,0,00,00,00,00*e7f05f3f
#BESTPOSA,COM1,0,79.0,APPROXIMATE,2434,182761.000,00000000,000e,10817;NO_CONVERGENCE,NONE,0.00000000000,0.00000000000,0.0000,0.0000,WGS84,0.0000,0.0000,0.0000,"",0.000,0.000,0,0,0,0,00,00,00,00*3cf609b2
#BESTPOSA,COM1,0,79.0,APPROXIMATE,2434,182761.100,00000000,000e,10817;NO_CONVERGENCE,NONE,0.00000000000,0.00000000000,0.0000,0.0000,WGS84,0.0000,0.0000,0.0000,"",0.000,0.000,0,0,0,0,00,00,00,00*e9f51674
#BESTPOSA,COM1,0,79.0,APPROXIMATE,2434,182761.200,00000000,000e,10817;NO_CONVERGENCE,NONE,0.00000000000,0.00000000000,0.0000,0.0000,WGS84,0.0000,0.0000,0.0000,"",0.000,0.000,0,0,0,0,00,00,00,00*4d81307f
#BESTPOSA,COM1,0,79.0,APPROXIMATE,2434,182761.300,00000000,000e,10817;NO_CONVERGENCE,NONE,0.00000000000,0.00000000000,0.0000,0.0000,WGS84,0.0000,0.0000,0.0000,"",0.000,0.000,0,0,0,0,00,00,00,00*98822fb9
#BESTPOSA,COM1,0,79.0,APPROXIMATE,2434,182761.400,00000000,000e,10817;NO_CONVERGENCE,NONE,0.00000000000,0.00000000000,0.0000,0.0000,WGS84,0.0000,0.0000,0.0000,"",0.000,0.000,0,0,0,0,00,00,00,00*de187a28
$GPGSV,1,1,00,,,,*79
$GNGST,024543.40,,,,,,,*67
#BESTPOSA,COM1,0,77.0,APPROXIMATE,2434,182761.500,00000000,000e,10817;NO_CONVERGENCE,NONE,0.00000000000,0.00000000000,0.0000,0.0000,WGS84,0.0000,0.0000,0.0000,"",0.000,0.000,0,0,0,0,00,00,00,00*bd02c41a
#BESTPOSA,COM1,0,77.0,APPROXIMATE,2434,182761.600,00000000,000e,10817;NO_CONVERGENCE,NONE,0.00000000000,0.00000000000,0.0000,0.0000,WGS84,0.0000,0.0000,0.0000,"",0.000,0.000,0,0,0,0,00,00,00,00*1976e211
#BESTPOSA,COM1,0,77.0,APPROXIMATE,2434,182761.700,00000000,000e,10817;NO_CONVERGENCE,NONE,0.00000000000,0.00000000000,0.0000,0.0000,WGS84,0.0000,0.0000,0.0000,"",0.000,0.000,0,0,0,0,00,00,00,00*cc75fdd7
#BESTPOSA,COM1,0,77.0,APPROXIMATE,2434,182761.800,00000000,000e,10817;NO_CONVERGENCE,NONE,0.00000000000,0.00000000000,0.0000,0.0000,WGS84,0.0000,0.0000,0.0000,"",0.000,0.000,0,0,0,0,00,00,00,00*94424933
#BESTPOSA,COM1,0,77.0,APPROXIMATE,2434,182761.900,00000000,000e,10817;NO_CONVERGENCE,NONE,0.00000000000,0.00000000000,0.0000,0.0000,WGS84,0.0000,0.0000,0.0000,"",0.000,0.000,0,0,0,0,00,00,00,00*414156f5
#BESTPOSA,COM1,0,77.0,APPROXIMATE,2434,182762.000,00000000,000e,10817;NO_CONVERGENCE,NONE,0.00000000000,0.00000000000,0.0000,0.0000,WGS84,0.0000,0.0000,0.0000,"",0.000,0.000,0,0,0,0,00,00,00,00*bb165004
#BESTPOSA,COM1,0,77.0,APPROXIMATE,2434,182762.100,00000000,000e,10817;NO_CONVERGENCE,NONE,0.00000000000,0.00000000000,0.0000,0.0000,WGS84,0.0000,0.0000,0.0000,"",0.000,0.000,0,0,0,0,00,00,00,00*6e154fc2
#BESTPOSA,COM1,0,77.0,APPROXIMATE,2434,182762.200,00000000,000e,10817;NO_CONVERGENCE,NONE,0.00000000000,0.00000000000,0.0000,0.0000,WGS84,0.0000,0.0000,0.0000,"",0.000,0.000,0,0,0,0,00,00,00,00*ca6169c9
#BESTPOSA,COM1,0,77.0,APPROXIMATE,2434,182762.300,00000000,000e,10817;NO_CONVERGENCE,NONE,0.00000000000,0.00000000000,0.0000,0.0000,WGS84,0.0000,0.0000,0.0000,"",0.000,0.000,0,0,0,0,00,00,00,00*1f62760f
#BESTPOSA,COM1,0,77.0,APPROXIMATE,2434,182762.400,00000000,000e,10817;NO_CONVERGENCE,NONE,0.00000000000,0.00000000000,0.0000,0.0000,WGS84,0.0000,0.0000,0.0000,"",0.000,0.000,0,0,0,0,00,00,00,00*59f8239e
$GPGSV,1,1,00,,,,*79
$GNGST,024544.40,,,,,,,*60
#BESTPOSA,COM1,0,75.0,APPROXIMATE,2434,182762.500,00000000,000e,10817;NO_CONVERGENCE,NONE,0.00000000000,0.00000000000,0.0000,0.0000,WGS84,0.0000,0.0000,0.0000,"",0.000,0.000,0,0,0,0,00,00,00,00*b025b1a4
#BESTPOSA,COM1,0,75.0,APPROXIMATE,2434,182762.600,00000000,000e,10817;NO_CONVERGENCE,NONE,0.00000000000,0.00000000000,0.0000,0.0000,WGS84,0.0000,0.0000,0.0000,"",0.000,0.000,0,0,0,0,00,00,00,00*145197af
#BESTPOSA,COM1,0,75.0,APPROXIMATE,2434,182762.700,00000000,000e,10817;NO_CONVERGENCE,NONE,0.00000000000,0.00000000000,0.0000,0.0000,WGS84,0.0000,0.0000,0.0000,"",0.000,0.000,8,0,0,0,00,00,00,00*c8f395ec
#BESTPOSA,COM1,0,75.0,APPROXIMATE,2434,182762.800,00000000,000e,10817;NO_CONVERGENCE,NONE,0.00000000000,0.00000000000,0.0000,0.0000,WGS84,0.0000,0.0000,0.0000,"",0.000,0.000,9,0,0,0,00,00,00,00*4726a150
#BESTPOSA,COM1,0,75.0,APPROXIMATE,2434,182762.900,00000000,000e,10817;NO_CONVERGENCE,NONE,0.00000000000,0.00000000000,0.0000,0.0000,WGS84,0.0000,0.0000,0.0000,"",0.000,0.000,10,0,0,0,00,00,00,00*66e19508
#BESTPOSA,COM1,0,75.0,APPROXIMATE,2434,182763.000,00000000,000e,10817;NO_CONVERGENCE,NONE,0.00000000000,0.00000000000,0.0000,0.0000,WGS84,0.0000,0.0000,0.0000,"",0.000,0.000,8,0,0,0,00,00,00,00*9ec16843
#BESTPOSA,COM1,0,75.0,APPROXIMATE,2434,182763.100,00000000,000e,10817;NO_CONVERGENCE,NONE,0.00000000000,0.00000000000,0.0000,0.0000,WGS84,0.0000,0.0000,0.0000,"",0.000,0.000,8,0,0,0,00,00,00,00*4bc27785
#BESTPOSA,COM1,0,75.0,APPROXIMATE,2434,182763.200,00000000,000e,10817;NO_CONVERGENCE,NONE,0.00000000000,0.00000000000,0.0000,0.0000,WGS84,0.0000,0.0000,0.0000,"",0.000,0.000,9,0,0,0,00,00,00,00*3854d1d6
#BESTPOSA,COM1,0,75.0,APPROXIMATE,2434,182763.300,00000000,000e,10817;NO_CONVERGENCE,NONE,0.00000000000,0.00000000000,0.0000,0.0000,WGS84,0.0000,0.0000,0.0000,"",0.000,0.000,9,0,0,0,00,00,00,00*ed57ce10
#BESTPOSA,COM1,0,75.0,APPROXIMATE,2434,182763.400,00000000,000e,10817;NO_CONVERGENCE,NONE,0.00000000000,0.00000000000,0.0000,0.0000,WGS84,0.0000,0.0000,0.0000,"",0.000,0.000,9,0,0,0,00,00,00,00*abcd9b81
#BESTPOSA,COM1,0,68.5,APPROXIMATE,2434,182763.500,00000000,000e,10817;NO_CONVERGENCE,NONE,0.00000000000,0.00000000000,0.0000,0.0000,WGS84,0.0000,0.0000,0.0000,"",0.000,0.000,9,0,0,0,00,00,00,00*a74ef1a5
$GPGSV,1,1,00,,,,*79
$GNGST,024545.50,,,,,,,*60
#BESTPOSA,COM1,0,68.5,APPROXIMATE,2434,182763.600,00000000,000e,10817;NO_CONVERGENCE,NONE,0.00000000000,0.00000000000,0.0000,0.0000,WGS84,0.0000,0.0000,0.0000,"",0.000,0.000,9,0,0,0,00,00,00,00*033ad7ae
#BESTPOSA,COM1,0,68.5,APPROXIMATE,2434,182763.700,00000000,000e,10817;NO_CONVERGENCE,NONE,0.00000000000,0.00000000000,0.0000,0.0000,WGS84,0.0000,0.0000,0.0000,"",0.000,0.000,8,0,0,0,00,00,00,00*01db4830
#BESTPOSA,COM1,0,68.5,APPROXIMATE,2434,182763.800,00000000,000e,10817;NO_CONVERGENCE,NONE,0.00000000000,0.00000000000,0.0000,0.0000,WGS84,0.0000,0.0000,0.0000,"",0.000,0.000,9,0,0,0,00,00,00,00*8e0e7c8c
#BESTPOSA,COM1,0,68.5,APPROXIMATE,2434,182763.900,00000000,000e,10817;NO_CONVERGENCE,NONE,0.00000000000,0.00000000000,0.0000,0.0000,WGS84,0.0000,0.0000,0.0000,"",0.000,0.000,9,0,0,0,00,00,00,00*5b0d634a
#BESTPOSA,COM1,0,68.5,APPROXIMATE,2434,182764.000,00000000,000e,10817;NO_CONVERGENCE,NONE,0.00000000000,0.00000000000,0.0000,0.0000,WGS84,0.0000,0.0000,0.0000,"",0.000,0.000,9,0,0,0,00,00,00,00*e3f8c543
#BESTPOSA,COM1,0,68.5,APPROXIMATE,2434,182764.100,00000000,000e,10817;NO_CONVERGENCE,NONE,0.00000000000,0.00000000000,0.0000,0.0000,WGS84,0.0000,0.0000,0.0000,"",0.000,0.000,9,0,0,0,00,00,00,00*36fbda85
#BESTPOSA,COM1,0,68.5,APPROXIMATE,2434,182764.200,00000000,000e,10817;NO_CONVERGENCE,NONE,0.00000000000,0.00000000000,0.0000,0.0000,WGS84,0.0000,0.0000,0.0000,"",0.000,0.000,9,0,0,0,00,00,00,00*928ffc8e
#BESTPOSA,COM1,0,68.5,APPROXIMATE,2434,182764.300,00000000,000e,10817;NO_CONVERGENCE,NONE,0.00000000000,0.00000000000,0.0000,0.0000,WGS84,0.0000,0.0000,0.0000,"",0.000,0.000,9,0,0,0,00,00,00,00*478ce348
#BESTPOSA,COM1,0,68.5,APPROXIMATE,2434,182764.400,00000000,000e,10817;NO_CONVERGENCE,NONE,0.00000000000,0.00000000000,0.0000,0.0000,WGS84,0.0000,0.0000,0.0000,"",0.000,0.000,8,0,0,0,00,00,00,00*d6f43681
#BESTPOSA,COM1,0,65.0,APPROXIMATE,2434,182764.500,00000000,000e,10817;NO_CONVERGENCE,NONE,0.00000000000,0.00000000000,0.0000,0.0000,WGS84,0.0000,0.0000,0.0000,"",0.000,0.000,9,0,0,0,00,00,00,00*578e6ca0
$GPGSV,1,1,00,,,,*79
$GNGST,024546.50,,,,,,,*63
#BESTPOSA,COM1,0,65.0,APPROXIMATE,2434,182764.600,00000000,000e,10817;NO_CONVERGENCE,NONE,0.00000000000,0.00000000000,0.0000,0.0000,WGS84,0.0000,0.0000,0.0000,"",0.000,0.000,9,0,0,0,00,00,00,00*f3fa4aab
#BESTPOSA,COM1,0,65.0,APPROXIMATE,2434,182764.700,00000000,000e,10817;NO_CONVERGENCE,NONE,0.00000000000,0.00000000000,0.0000,0.0000,WGS84,0.0000,0.0000,0.0000,"",0.000,0.000,10,0,0,0,00,00,00,00*4c3a6277
#BESTPOSA,COM1,0,65.0,APPROXIMATE,2434,182764.800,00000000,000e,10817;NO_CONVERGENCE,NONE,0.00000000000,0.00000000000,0.0000,0.0000,WGS84,0.0000,0.0000,0.0000,"",0.000,0.000,10,0,0,0,00,00,00,00*eb0573a2
#BESTPOSA,COM1,0,65.0,APPROXIMATE,2434,182764.900,00000000,000e,10817;NO_CONVERGENCE,NONE,0.00000000000,0.00000000000,0.0000,0.0000,WGS84,0.0000,0.0000,0.0000,"",0.000,0.000,10,0,0,0,00,00,00,00*99d71738
#BESTPOSA,COM1,0,65.0,FINESTEERING,2434,182765.000,00000000,000e,10817;SOL_COMPUTED,SINGLE,31.16404252355,121.45337143123,20.5294,11.0296,WGS84,4.9525,4.2825,15.5703,"",0.000,0.000,15,14,11,10,00,00,70,37*ebedfed9
$GPGSV,1,1,02,24,61,169,36,29,14,221,41*7B
$GLGSV,1,1,02,81,14,177,42,82,53,212,46*63
$GBGSV,2,1,07,02,34,242,48,07,38,172,45,08,16,195,36,10,29,177,39*6D
$GBGSV,2,2,07,26,22,160,42,31,19,183,39,34,43,237,45*54
$GQGSV,1,1,03,02,08,159,39,07,53,169,32,08,41,229,43*4B
$GIGSV,1,1,01,10,51,165,37*52
$GNGST,024547.00,49.415,41.405,7.348,67.1517,4.952,4.282,15.570*7B
#BESTPOSA,COM1,0,65.0,FINESTEERING,2434,182765.100,00000000,000e,10817;SOL_COMPUTED,SINGLE,31.16400729073,121.45336950027,21.7401,11.0296,WGS84,4.8673,4.2688,15.1353,"",0.000,0.000,15,14,11,10,00,00,70,35*e1c949af
#BESTPOSA,COM1,0,65.0,FINESTEERING,2434,182765.200,00000000,000e,10817;SOL_COMPUTED,SINGLE,31.16395405382,121.45333865013,24.5922,11.0296,WGS84,4.7616,4.1884,14.7633,"",0.000,0.000,15,14,11,10,00,00,70,35*47cd7d1b
#BESTPOSA,COM1,0,65.0,FINESTEERING,2434,182765.300,00000000,000e,10817;SOL_COMPUTED,SINGLE,31.16405246195,121.45338377428,13.0406,11.0296,WGS84,4.6313,4.1291,14.6129,"",0.000,0.000,16,15,12,11,00,00,70,35*ae0289b3
#BESTPOSA,COM1,0,63.5,FINESTEERING,2434,182765.400,00200000,000e,10817;SOL_COMPUTED,PSRDIFF,31.16415112460,121.45342331225,8.2338,11.0296,WGS84,4.6313,4.1291,14.6129,"2863",0.400,0.400,16,15,12,11,00,00,70,35*cff7eecc
#BESTPOSA,COM1,0,63.5,FINESTEERING,2434,182765.500,00200000,000e,10817;SOL_COMPUTED,PSRDIFF,31.16412001257,121.45339922417,10.3020,11.0296,WGS84,4.6313,4.1291,14.6129,"2863",0.500,0.500,16,15,12,11,00,00,70,35*7ccdb82d
#BESTPOSA,COM1,0,63.5,FINESTEERING,2434,182765.600,00200000,000e,10817;SOL_COMPUTED,PSRDIFF,31.16408586371,121.45340388922,18.1300,11.0296,WGS84,4.6313,4.1291,14.6129,"2863",0.600,0.600,16,15,12,11,00,00,70,37*12aad449
#BESTPOSA,COM1,0,63.5,FINESTEERING,2434,182765.700,00200000,000e,10817;SOL_COMPUTED,PSRDIFF,31.16410338442,121.45340437725,13.1247,11.0296,WGS84,4.6313,4.1291,14.6129,"2863",0.700,0.700,17,16,12,11,00,00,70,35*dbf83f35
#BESTPOSA,COM1,0,63.5,FINESTEERING,2434,182765.800,00200000,000e,10817;SOL_COMPUTED,PSRDIFF,31.16412789527,121.45340977242,10.9273,11.0296,WGS84,4.6313,4.1291,14.6129,"2863",0.800,0.800,18,17,13,11,00,00,71,35*cd1aa5ab
#BESTPOSA,COM1,0,63.5,FINESTEERING,2434,182765.900,00200000,000e,10817;SOL_COMPUTED,PSRDIFF,31.16410111388,121.45339584658,13.3245,11.0296,WGS84,4.6313,4.1291,14.6129,"2863",0.900,0.900,18,17,13,11,00,00,71,35*4dff162f
#BESTPOSA,COM1,0,63.5,FINESTEERING,2434,182766.000,00200000,000e,10817;SOL_COMPUTED,PSRDIFF,31.16412409769,121.45339660985,12.7746,11.0296,WGS84,4.6313,4.1291,14.6129,"2863",1.000,1.000,18,17,13,11,00,00,71,37*5e8835e5
$GPGSV,1,1,02,24,61,169,38,29,14,221,41*75
$GLGSV,1,1,02,81,14,177,44,82,53,212,48*6B
$GAGSV,1,1,01,29,54,254,44*50
$GBGSV,2,1,08,02,34,242,45,03,55,202,46,07,38,172,43,08,16,195,41*69
$GBGSV,2,2,08,10,29,177,41,26,22,160,42,31,19,183,38,34,43,237,46*67
$GQGSV,1,1,04,02,08,159,38,03,57,152,35,07,53,169,32,08,41,229,43*7C
$GIGSV,1,1,01,10,51,165,38*5D
$GNGST,024548.00,12.198,10.035,1.682,68.1698,4.631,4.129,14.613*78
#BESTPOSA,COM1,0,63.5,FINESTEERING,2434,182766.100,00200000,000e,10817;SOL_COMPUTED,PSRDIFF,31.16407925033,121.45338902931,15.8965,11.0296,WGS84,4.6313,4.1291,14.6129,"2863",1.100,1.100,19,17,13,11,00,00,71,37*1c0d9f04
#BESTPOSA,COM1,0,63.5,FINESTEERING,2434,182766.200,00200000,000e,10817;SOL_COMPUTED,PSRDIFF,31.16408679122,121.45341004325,18.2568,11.0296,WGS84,4.6313,4.1291,14.6129,"2863",1.200,1.200,18,16,13,11,00,00,71,37*40434b1a
#BESTPOSA,COM1,0,63.5,FINESTEERING,2434,182766.300,00200000,000e,10817;SOL_COMPUTED,PSRDIFF,31.16409821973,121.45340187213,13.7884,11.0296,WGS84,4.6313,4.1291,14.6129,"2863",0.300,0.300,19,17,13,11,00,00,71,37*161bcbdf
#BESTPOSA,COM1,0,63.0,FINESTEERING,2434,182766.400,00200000,000e,10817;SOL_COMPUTED,PSRDIFF,31.16409721744,121.45340289086,13.7627,11.0296,WGS84,4.6313,4.1291,14.6129,"2863",0.400,0.400,19,17,13,11,00,00,71,35*5d82ca49
#BESTPOSA,COM1,0,63.0,FINESTEERING,2434,182766.500,00200000,000e,10817;SOL_COMPUTED,PSRDIFF,31.16409540208,121.45340338208,13.7795,11.0296,WGS84,4.6313,4.1291,14.6129,"2863",0.500,0.500,19,17,13,11,00,00,71,37*d5dc075e
#BESTPOSA,COM1,0,63.0,FINESTEERING,2434,182766.600,00200000,000e,10817;SOL_COMPUTED,PSRDIFF,31.16409518411,121.45340431048,13.7525,11.0296,WGS84,4.6313,4.1291,14.6129,"2863",0.600,0.600,19,17,13,12,00,00,75,35*1b26d6a9
#BESTPOSA,COM1,0,63.0,FINESTEERING,2434,182766.700,00200000,000e,10817;SOL_COMPUTED,PSRDIFF,31.16409387662,121.45340518141,13.7876,11.0296,WGS84,4.6313,4.1291,14.6129,"2863",0.700,0.700,19,17,13,12,00,00,77,37*6c86e1f9
#BESTPOSA,COM1,0,63.0,FINESTEERING,2434,182766.800,00200000,000e,10817;SOL_COMPUTED,PSRDIFF,31.16409371086,121.45340640947,13.7245,11.0296,WGS84,4.6313,4.1291,14.6129,"2863",0.800,0.800,19,17,13,12,00,00,77,35*31848a92
#BESTPOSA,COM1,0,63.0,FINESTEERING,2434,182766.900,00200000,000e,10817;SOL_COMPUTED,PSRDIFF,31.16409250394,121.45340689222,13.7569,11.0296,WGS84,4.6313,4.1291,14.6129,"2863",0.900,0.900,19,17,13,12,00,00,77,37*dcc3cffb
#BESTPOSA,COM1,0,63.0,FINESTEERING,2434,182767.000,00200000,000e,10817;SOL_COMPUTED,PSRDIFF,31.16408988448,121.45340690694,13.8138,11.0296,WGS84,4.6313,4.1291,14.6129,"2863",1.000,1.000,19,17,13,12,00,00,77,35*e8cecf5d
$GPGSV,1,1,03,24,61,169,36,29,14,221,41,57,34,242,46*49
$GLGSV,1,1,02,81,14,177,43,82,53,212,46*62
$GAGSV,1,1,01,29,54,254,48*5C
$GBGSV,2,1,08,02,34,242,46,03,55,202,47,07,38,172,43,08,16,195,41*6B
$GBGSV,2,2,08,10,29,177,43,26,22,160,40,31,18,183,36,34,43,237,45*6B
$GQGSV,1,1,04,02,08,159,39,03,57,152,35,07,53,169,35,08,41,229,44*7D
$GIGSV,1,1,01,10,51,165,43*51
$GNGST,024549.00,45.704,29.362,20.754,57.4556,4.631,4.129,14.613*42
#BESTPOSA,COM1,0,63.0,FINESTEERING,2434,182767.100,00200000,000e,10817;SOL_COMPUTED,PSRDIFF,31.16409061770,121.45340864545,13.7696,11.0296,WGS84,4.6313,4.1291,14.6129,"2863",1.100,1.100,20,17,13,12,00,00,77,37*be8a5928
#BESTPOSA,COM1,0,63.0,FINESTEERING,2434,182767.200,00200000,000e,10817;SOL_COMPUTED,PSRDIFF,31.16408702176,121.45340821629,13.9227,11.0296,WGS84,4.6313,4.1291,14.6129,"2863",1.200,1.200,20,17,13,12,00,00,77,37*07c92ceb
#BESTPOSA,COM1,0,63.0,FINESTEERING,2434,182767.300,00200000,000e,10817;SOL_COMPUTED,PSRDIFF,31.16408631635,121.45341320674,13.5340,11.0296,WGS84,4.6313,4.1291,14.6129,"2863",0.300,0.300,20,17,13,12,00,00,77,37*4936e9ce
#BESTPOSA,COM1,0,62.0,FINESTEERING,2434,182767.400,00000000,000e,10817;SOL_COMPUTED,NARROW_FLOAT,31.16408475627,121.45341271405,13.5061,11.0296,WGS84,4.6313,4.1291,14.6129,"2863",0.400,0.400,20,17,13,12,00,00,77,35*331b4e4d
#BESTPOSA,COM1,0,62.0,FINESTEERING,2434,182767.500,00000000,000e,10817;SOL_COMPUTED,NARROW_FLOAT,31.16408348666,121.45341296392,13.5670,11.0296,WGS84,4.6313,4.1291,14.6129,"2863",0.500,0.500,20,17,13,12,00,00,77,37*7381fa56
#BESTPOSA,COM1,0,62.0,FINESTEERING,2434,182767.600,00000000,000e,10817;SOL_COMPUTED,NARROW_FLOAT,31.16408272538,121.45341337707,13.6150,11.0296,WGS84,4.6313,4.1291,14.6129,"2863",0.600,0.600,20,17,13,12,00,00,77,37*96f44205
#BESTPOSA,COM1,0,62.0,FINESTEERING,2434,182767.700,00000000,000e,10817;SOL_COMPUTED,PSRDIFF,31.16408313025,121.45341428692,13.5765,11.0296,WGS84,4.6313,4.1291,14.6129,"2863",0.700,0.700,20,17,13,12,00,00,77,37*4768eca8
#BESTPOSA,COM1,0,62.0,FINESTEERING,2434,182767.800,00000000,000e,10817;SOL_COMPUTED,PSRDIFF,31.16408304423,121.45341467722,13.4478,11.0296,WGS84,4.6313,4.1291,14.6129,"2863",0.800,0.800,20,17,13,12,00,00,77,37*d7457a00
#BESTPOSA,COM1,0,62.0,FINESTEERING,2434,182767.900,00000000,000e,10817;SOL_COMPUTED,PSRDIFF,31.16408024107,121.45341375473,13.5698,11.0296,WGS84,4.6313,4.1291,14.6129,"2863",0.900,0.900,21,18,13,12,00,00,77,37*490f1441
#BESTPOSA,COM1,0,62.0,FINESTEERING,2434,182768.000,00000000,000e,10817;SOL_COMPUTED,PSRDIFF,31.16408029496,121.45341476627,13.6620,11.0296,WGS84,4.6313,4.1291,14.6129,"2863",1.000,1.000,21,18,13,12,00,00,77,37*8ca2430d
$GPGSV,1,1,04,24,61,169,41,29,14,221,40,56,55,202,45,57,34,242,44*7F
$GLGSV,1,1,02,81,14,177,38,82,53,212,46*6E
$GAGSV,1,1,02,26,83,263,37,29,54,254,45*6E
$GBGSV,2,1,08,02,34,242,44,03,55,202,45,07,38,172,44,08,16,195,41*6C
$GBGSV,2,2,08,10,29,177,41,26,22,160,42,31,18,183,40,34,43,237,47*68
$GQGSV,1,1,04,02,08,159,35,03,57,152,31,07,53,169,39,08,41,229,43*7E
$GIGSV,1,1,01,10,51,165,44*56
$GNGST,024550.00,45.422,29.300,20.573,56.8116,4.631,4.129,14.613*43
#BESTPOSA,COM1,0,62.0,FINESTEERING,2434,182768.100,00000000,000e,10817;SOL_COMPUTED,PSRDIFF,31.16408168518,121.45341548013,13.5983,11.0296,WGS84,4.6313,4.1291,14.6129,"2863",1.100,1.100,21,18,13,12,00,00,77,37*9f3d0649
#BESTPOSA,COM1,0,62.0,FINESTEERING,2434,182768.200,00000000,000e,10817;SOL_COMPUTED,PSRDIFF,31.16407509490,121.45341231586,13.7017,11.0296,WGS84,4.6313,4.1291,14.6129,"2863",1.200,1.200,21,18,13,12,00,00,77,37*b1ac9628
#BESTPOSA,COM1,0,62.0,FINESTEERING,2434,182768.300,00000000,000e,10817;SOL_COMPUTED,PSRDIFF,31.16407707168,121.45341405131,13.6802,11.0296,WGS84,4.6313,4.1291,14.6129,"2863",1.300,1.300,21,18,13,12,00,00,77,37*417b46df
#BESTPOSA,COM1,0,60.0,FINESTEERING,2434,182768.400,00200000,000e,10817;SOL_COMPUTED,PSRDIFF,31.16407437538,121.45341235511,13.7319,11.0296,WGS84,4.6313,4.1291,14.6129,"2863",1.400,1.400,21,18,13,12,00,00,77,37*8c8eae51
#BESTPOSA,COM1,0,60.0,FINESTEERING,2434,182768.500,00200000,000e,10817;SOL_COMPUTED,NARROW_FLOAT,31.16407318986,121.45341540966,13.3502,11.0296,WGS84,4.6313,4.1291,14.6129,"2863",0.500,0.500,21,18,13,12,00,00,77,37*18ec84f8
#BESTPOSA,COM1,0,60.0,FINESTEERING,2434,182768.600,00200000,000e,10817;SOL_COMPUTED,NARROW_FLOAT,31.16407288765,121.45341521571,13.3930,11.0296,WGS84,4.6313,4.1291,14.6129,"2863",0.600,0.600,21,18,13,13,00,00,77,37*2644b3a6
#BESTPOSA,COM1,0,60.0,FINESTEERING,2434,182768.700,00200000,000e,10817;SOL_COMPUTED,NARROW_FLOAT,31.16407190532,121.45341452297,13.4609,11.0296,WGS84,4.6313,4.1291,14.6129,"2863",0.700,0.700,21,18,13,13,00,00,77,37*36ea794a
#BESTPOSA,COM1,0,60.0,FINESTEERING,2434,182768.800,00200000,000e,10817;SOL_COMPUTED,NARROW_FLOAT,31.16407109711,121.45341385016,13.4678,11.0296,WGS84,4.6313,4.1291,14.6129,"2863",0.800,0.800,21,18,14,13,00,00,77,37*07458f85
#BESTPOSA,COM1,0,60.0,FINESTEERING,2434,182768.900,00200000,000e,10817;SOL_COMPUTED,NARROW_FLOAT,31.16407042670,121.45341314517,13.4230,11.0296,WGS84,4.6313,4.1291,14.6129,"2863",0.900,0.900,22,19,15,13,00,00,77,37*90e2a04c
#BESTPOSA,COM1,0,60.0,FINESTEERING,2434,182769.000,00200000,000e,10817;SOL_COMPUTED,PSRDIFF,31.16406997711,121.45341256920,13.4311,11.0296,WGS84,4.6313,4.1291,14.6129,"2863",1.000,1.000,22,19,15,13,00,00,77,37*91b946b7
$GPGSV,2,1,05,18,60,294,33,24,61,169,45,29,14,221,40,56,55,202,45*78
$GPGSV,2,2,05,57,34,242,44*4D
$GLGSV,1,1,02,81,14,177,41,82,53,212,46*60
$GAGSV,1,1,02,26,83,263,34,29,54,254,45*6D
$GBGSV,2,1,08,02,34,242,43,03,55,202,46,07,38,172,44,08,16,195,40*69
$GBGSV,2,2,08,10,29,177,41,26,22,160,42,31,18,183,40,34,43,237,47*68
$GQGSV,1,1,04,02,08,159,36,03,57,152,42,07,53,169,40,08,41,229,43*77
$GIGSV,1,1,01,10,51,165,44*56
$GNGST,024551.00,44.256,29.641,17.587,58.5168,4.631,4.129,14.613*43
#BESTPOSA,COM1,0,60.0,FINESTEERING,2434,182769.100,00200000,000e,10817;SOL_COMPUTED,NARROW_FLOAT,31.16406924952,121.45341211183,13.4771,11.0296,WGS84,4.6313,4.1291,14.6129,"2863",1.100,1.100,22,19,15,15,00,00,77,37*de028b9f
#BESTPOSA,COM1,0,60.0,FINESTEERING,2434,182769.200,00200000,000e,10817;SOL_COMPUTED,NARROW_FLOAT,31.16406874965,121.45341139331,13.5201,11.0296,WGS84,4.6313,4.1291,14.6129,"2863",1.200,1.200,22,19,14,13,00,00,77,37*ce494ebe
#BESTPOSA,COM1,0,60.0,FINESTEERING,2434,182769.300,00200000,000e,10817;SOL_COMPUTED,NARROW_FLOAT,31.16407018345,121.45340334992,12.9459,11.0296,WGS84,4.6313,4.1291,14.6129,"2863",0.300,0.300,22,19,15,14,00,00,77,37*a5e5ce41
#BESTPOSA,COM1,0,55.5,FINESTEERING,2434,182769.400,00000000,000e,10817;SOL_COMPUTED,NARROW_FLOAT,31.16406962838,121.45340240191,12.9597,11.0296,WGS84,4.6313,4.1291,14.6129,"2863",0.400,0.400,22,19,14,15,00,00,77,37*933c9a75
#BESTPOSA,COM1,0,55.5,FINESTEERING,2434,182769.500,00000000,000e,10817;SOL_COMPUTED,NARROW_FLOAT,31.16406851141,121.45340101499,13.0120,11.0296,WGS84,4.6313,4.1291,14.6129,"2863",0.500,0.500,22,19,14,15,00,00,77,37*80cb4950
#BESTPOSA,COM1,0,55.5,FINESTEERING,2434,182769.600,00000000,000e,10817;SOL_COMPUTED,NARROW_FLOAT,31.16406744473,121.45339976476,13.0655,11.0296,WGS84,4.6313,4.1291,14.6129,"2863",0.600,0.600,22,19,15,15,00,00,77,37*f1666ff9
#BESTPOSA,COM1,0,55.5,FINESTEERING,2434,182769.700,00000000,000e,10817;SOL_COMPUTED,NARROW_FLOAT,31.16406745450,121.45339895717,13.0394,11.0296,WGS84,4.6313,4.1291,14.6129,"2863",0.700,0.700,22,19,14,15,00,00,77,37*a4d44d19
#BESTPOSA,COM1,0,55.5,FINESTEERING,2434,182769.800,00000000,000e,10817;SOL_COMPUTED,NARROW_FLOAT,31.16406732984,121.45339815836,12.9515,11.0296,WGS84,4.6313,4.1291,14.6129,"2863",0.800,0.800,22,19,15,15,00,00,77,37*04c0f9eb
#BESTPOSA,COM1,0,55.5,FINESTEERING,2434,182769.900,00000000,000e,10817;SOL_COMPUTED,NARROW_FLOAT,31.16406648886,121.45339699165,12.9860,11.0296,WGS84,4.6313,4.1291,14.6129,"2863",0.900,0.900,22,19,15,15,00,00,77,37*74653237
#BESTPOSA,COM1,0,55.5,FINESTEERING,2434,182770.000,00000000,000e,10817;SOL_COMPUTED,NARROW_FLOAT,31.16406602407,121.45339577367,12.9579,11.0296,WGS84,4.6313,4.1291,14.6129,"2863",1.000,1.000,22,19,15,15,00,00,77,37*f916224b
$GPGSV,2,1,05,18,60,294,42,24,61,169,46,29,14,221,39,56,55,202,46*70
$GPGSV,2,2,05,57,34,242,44*4D
$GLGSV,1,1,02,81,14,177,44,82,53,212,47*64
$GAGSV,1,1,02,26,83,263,46,29,54,254,45*68
$GBGSV,2,1,08,02,34,242,45,03,55,202,47,07,38,172,44,08,16,195,40*6E
$GBGSV,2,2,08,10,29,177,41,26,22,160,43,31,18,183,39,34,43,237,46*66
$GQGSV,1,1,04,02,08,159,39,03,57,152,47,07,53,169,40,08,41,229,43*7D
$GIGSV,1,1,01,10,51,165,45*57
$GNGST,024552.00,26.907,19.460,4.523,64.4491,4.631,4.129,14.613*78
#BESTPOSA,COM1,0,55.5,FINESTEERING,2434,182770.100,00000000,000e,10817;SOL_COMPUTED,NARROW_FLOAT,31.16406577284,121.45339486366,12.9553,11.0296,WGS84,4.6313,4.1291,14.6129,"2863",1.100,1.100,24,20,16,16,00,00,77,37*e799bb55
#BESTPOSA,COM1,0,55.5,FINESTEERING,2434,182770.200,00000000,000e,10817;SOL_COMPUTED,NARROW_FLOAT,31.16406478396,121.45339343163,13.0524,11.0296,WGS84,4.6313,4.1291,14.6129,"2863",1.200,1.200,24,20,16,16,00,00,77,37*22d097d8
#BESTPOSA,COM1,0,55.5,FINESTEERING,2434,182770.300,00000000,000e,10817;SOL_COMPUTED,NARROW_FLOAT,31.16406440570,121.45339218787,13.0390,11.0296,WGS84,4.6313,4.1291,14.6129,"2863",1.300,1.300,24,20,16,16,00,00,77,37*b5dfa96e
#BESTPOSA,COM1,0,60.0,FINESTEERING,2434,182770.400,00000000,000e,10817;SOL_COMPUTED,NARROW_FLOAT,31.16406505710,121.45339153977,12.9553,11.0296,WGS84,4.6313,4.1291,14.6129,"2863",1.400,1.400,24,20,16,16,00,00,77,37*47a6c734
#BESTPOSA,COM1,0,60.0,FINESTEERING,2434,182770.500,00000000,000e,10817;SOL_COMPUTED,NARROW_FLOAT,31.16406479114,121.45339016194,13.0025,11.0296,WGS84,4.6313,4.1291,14.6129,"2863",1.500,1.500,24,20,16,16,00,00,77,37*dd28ace9
#BESTPOSA,COM1,0,60.0,FINESTEERING,2434,182770.600,00000000,000e,10817;SOL_COMPUTED,PSRDIFF,31.16406427575,121.45338863644,13.0056,11.0296,WGS84,4.6313,4.1291,14.6129,"2863",1.600,1.600,24,20,16,16,00,00,77,37*c057788b
#BESTPOSA,COM1,0,60.0,FINESTEERING,2434,182770.700,00000000,000e,10817;SOL_COMPUTED,NARROW_FLOAT,31.16403879617,121.45337440013,13.2881,11.0296,WGS84,4.6313,4.1291,14.6129,"2863",0.700,0.700,24,20,16,16,00,00,77,37*130f9f76
#BESTPOSA,COM1,0,60.0,FINESTEERING,2434,182770.800,00000000,000e,10817;SOL_COMPUTED,NARROW_FLOAT,31.16403847241,121.45337305753,13.3109,11.0296,WGS84,4.6313,4.1291,14.6129,"2863",0.800,0.800,25,21,17,16,00,00,77,37*8d0b5baa
#BESTPOSA,COM1,0,60.0,FINESTEERING,2434,182770.900,00000000,000e,10817;SOL_COMPUTED,NARROW_FLOAT,31.16403866621,121.45337196216,13.2450,11.0296,WGS84,4.6313,4.1291,14.6129,"2863",0.900,0.900,25,21,17,16,00,00,77,37*5a8fe9c1
#BESTPOSA,COM1,0,60.0,FINESTEERING,2434,182771.000,00000000,000e,10817;SOL_COMPUTED,NARROW_FLOAT,31.16403851283,121.45337087098,13.2790,11.0296,WGS84,4.6313,4.1291,14.6129,"2863",1.000,1.000,25,21,17,16,00,00,77,37*2fe7c627
$GPGSV,2,1,06,18,60,294,42,24,61,169,46,29,14,221,42,43,49,147,47*75
$GPGSV,2,2,06,56,55,202,46,57,34,242,44*7F
$GLGSV,1,1,02,81,14,177,44,82,53,212,48*6B
$GAGSV,1,1,03,13,38,149,45,26,83,263,44,29,54,254,46*5C
$GBGSV,3,1,09,01,49,147,47,02,34,242,45,03,55,202,47,07,38,172,45*64
$GBGSV,3,2,09,08,16,195,40,10,29,177,42,26,22,160,43,31,18,183,40*69
$GBGSV,3,3,09,34,43,237,46*56
$GQGSV,1,1,04,02,08,159,42,03,57,152,47,07,53,169,42,08,41,229,43*73
$GIGSV,1,1,01,10,51,165,45*57
$GNGST,024553.00,21.115,14.125,4.386,64.9353,4.631,4.129,14.613*71
#BESTPOSA,COM1,0,60.0,FINESTEERING,2434,182771.100,00000000,000e,10817;SOL_COMPUTED,NARROW_FLOAT,31.16403828811,121.45336941499,13.3306,11.0296,WGS84,4.6313,4.1291,14.6129,"2863",1.100,1.100,25,21,17,17,00,00,77,37*42b77263
#BESTPOSA,COM1,0,60.0,FINESTEERING,2434,182771.200,00000000,000e,10817;SOL_COMPUTED,NARROW_FLOAT,31.16403858530,121.45336842574,13.3129,11.0296,WGS84,4.6313,4.1291,14.6129,"2863",1.200,1.200,25,21,17,17,00,00,77,37*1222f25f
#BESTPOSA,COM1,0,60.0,FINESTEERING,2434,182771.300,00000000,000e,10817;SOL_COMPUTED,NARROW_FLOAT,31.16405257018,121.45337961178,14.1710,11.0296,WGS84,4.6313,4.1291,14.6129,"2863",0.300,0.300,25,21,17,17,00,00,77,37*39b96e06
#BESTPOSA,COM1,0,56.0,FINESTEERING,2434,182771.400,00000000,000e,10817;SOL_COMPUTED,NARROW_FLOAT,31.16405329644,121.45337858453,14.0552,11.0296,WGS84,4.6313,4.1291,14.6129,"2863",0.400,0.400,25,21,17,17,00,00,77,37*76434da6
#BESTPOSA,COM1,0,56.0,FINESTEERING,2434,182771.500,00000000,000e,10817;SOL_COMPUTED,NARROW_FLOAT,31.16405302190,121.45337693727,14.1587,11.0296,WGS84,4.6313,4.1291,14.6129,"2863",0.500,0.500,25,21,17,17,00,00,77,37*7cc1cef7
#BESTPOSA,COM1,0,56.0,FINESTEERING,2434,182771.600,00000000,000e,10817;SOL_COMPUTED,NARROW_FLOAT,31.16405312218,121.45337549930,14.1343,11.0296,WGS84,4.6313,4.1291,14.6129,"2863",0.600,0.600,25,21,16,16,00,00,77,37*a3e9ce06
#BESTPOSA,COM1,0,56.0,FINESTEERING,2434,182771.700,00000000,000e,10817;SOL_COMPUTED,NARROW_FLOAT,31.16405329461,121.45337414137,14.1213,11.0296,WGS84,4.6313,4.1291,14.6129,"2863",0.700,0.700,25,21,16,16,00,00,77,37*7f07797a
#BESTPOSA,COM1,0,56.0,FINESTEERING,2434,182771.800,00000000,000e,10817;SOL_COMPUTED,NARROW_FLOAT,31.16405314927,121.45337267647,14.1466,11.0296,WGS84,4.6313,4.1291,14.6129,"2863",0.800,0.800,25,21,17,17,00,00,77,37*edf95a88
#BESTPOSA,COM1,0,56.0,FINESTEERING,2434,182771.900,00000000,000e,10817;SOL_COMPUTED,NARROW_FLOAT,31.16405339165,121.45337150301,14.1289,11.0296,WGS84,4.6313,4.1291,14.6129,"2863",0.900,0.900,25,21,17,17,00,00,77,37*ef818f7c
#BESTPOSA,COM1,0,56.0,FINESTEERING,2434,182772.000,00000000,000e,10817;SOL_COMPUTED,NARROW_FLOAT,31.16405355810,121.45337035828,14.1218,11.0296,WGS84,4.6313,4.1291,14.6129,"2863",1.000,1.000,25,21,17,17,00,00,77,37*371ebc5e
$GPGSV,2,1,06,18,60,294,43,24,61,169,47,29,14,221,42,43,49,147,46*74
$GPGSV,2,2,06,56,55,202,46,57,34,242,44*7F
$GLGSV,1,1,02,81,14,177,44,82,53,212,48*6B
$GAGSV,1,1,03,13,38,149,46,26,83,262,45,29,54,254,46*5F
$GBGSV,3,1,09,01,49,147,47,02,34,242,45,03,55,202,47,07,38,172,45*64
$GBGSV,3,2,09,08,16,195,40,10,29,177,43,26,22,160,44,31,18,183,40*6F
$GBGSV,3,3,09,34,43,237,46*56
$GQGSV,1,1,04,02,08,159,42,03,57,152,46,07,53,169,41,08,41,229,44*76
$GIGSV,1,1,01,10,51,165,45*57
$GNGST,024554.00,16.492,9.665,4.117,70.2687,4.631,4.129,14.613*4F
#BESTPOSA,COM1,0,56.0,FINESTEERING,2434,182772.100,00000000,000e,10817;SOL_COMPUTED,NARROW_FLOAT,31.16405355346,121.45336916307,14.1656,11.0296,WGS84,4.6313,4.1291,14.6129,"2863",1.100,1.100,25,21,16,16,00,00,77,37*3461880b
#BESTPOSA,COM1,0,56.0,FINESTEERING,2434,182772.200,00000000,000e,10817;SOL_COMPUTED,NARROW_FLOAT,31.16405366894,121.45336816532,14.2318,11.0296,WGS84,4.6313,4.1291,14.6129,"2863",1.200,1.200,25,21,16,16,00,00,77,37*5d7b242f
#BESTPOSA,COM1,0,56.0,FINESTEERING,2434,182772.300,00000000,000e,10817;SOL_COMPUTED,NARROW_FLOAT,31.16406040852,121.45337005879,13.6557,11.0296,WGS84,4.6313,4.1291,14.6129,"2863",0.300,0.300,25,21,17,17,00,00,77,37*7c67e93b
#BESTPOSA,COM1,0,60.5,FINESTEERING,2434,182772.400,00200000,000e,10817;SOL_COMPUTED,NARROW_FLOAT,31.16406110493,121.45336914372,13.5666,11.0296,WGS84,4.6313,4.1291,14.6129,"2863",0.400,0.400,25,21,17,17,00,00,77,37*5094c61f
#BESTPOSA,COM1,0,60.5,FINESTEERING,2434,182772.500,00200000,000e,10817;SOL_COMPUTED,NARROW_FLOAT,31.16406162362,121.45336800288,13.5255,11.0296,WGS84,4.6313,4.1291,14.6129,"2863",0.500,0.500,25,21,17,17,00,00,77,37*754e4b41
#BESTPOSA,COM1,0,60.5,FINESTEERING,2434,182772.600,00200000,000e,10817;SOL_COMPUTED,NARROW_FLOAT,31.16406161047,121.45336652589,13.5529,11.0296,WGS84,4.6313,4.1291,14.6129,"2863",0.600,0.600,25,21,17,17,00,00,77,37*2e498911
#BESTPOSA,COM1,0,60.5,FINESTEERING,2434,182772.700,00200000,000e,10817;SOL_COMPUTED,NARROW_FLOAT,31.16406183575,121.45336536421,13.5714,11.0296,WGS84,4.6313,4.1291,14.6129,"2863",0.700,0.700,25,21,17,17,00,00,77,37*1275c615
#BESTPOSA,COM1,0,60.5,FINESTEERING,2434,182772.800,00200000,000e,10817;SOL_COMPUTED,NARROW_FLOAT,31.16406171205,121.45336424678,13.6184,11.0296,WGS84,4.6313,4.1291,14.6129,"2863",0.800,0.800,25,21,17,17,00,00,77,37*9fff6167
#BESTPOSA,COM1,0,60.5,FINESTEERING,2434,182772.900,00200000,000e,10817;SOL_COMPUTED,NARROW_FLOAT,31.16406190567,121.45336297866,13.5705,11.0296,WGS84,4.6313,4.1291,14.6129,"2863",0.900,0.900,25,21,17,17,00,00,77,37*6c098b4c
#BESTPOSA,COM1,0,60.5,FINESTEERING,2434,182773.000,00200000,000e,10817;SOL_COMPUTED,NARROW_FLOAT,31.16406229075,121.45336190011,13.5281,11.0296,WGS84,4.6313,4.1291,14.6129,"2863",1.000,1.000,25,21,17,17,00,00,77,37*95dd9cdc
$GPGSV,2,1,06,18,60,294,42,24,61,169,47,29,14,221,43,43,49,147,46*74
$GPGSV,2,2,06,56,55,202,46,57,34,242,45*7E
$GLGSV,1,1,02,81,14,177,44,82,53,212,48*6B
$GAGSV,1,1,03,13,38,149,47,26,83,262,45,29,54,254,46*5E
$GBGSV,3,1,09,01,49,147,47,02,34,242,45,03,55,202,47,07,38,172,45*64
$GBGSV,3,2,09,08,16,195,41,10,29,177,43,26,22,160,44,31,18,183,40*6E
$GBGSV,3,3,09,34,43,237,47*57
$GQGSV,1,1,04,02,08,159,42,03,57,152,47,07,53,169,41,08,41,229,43*70
$GIGSV,1,1,01,10,51,165,46*54
$GNGST,024555.00,14.962,8.836,3.973,70.0817,4.631,4.129,14.613*4F
#BESTPOSA,COM1,0,60.5,FINESTEERING,2434,182773.100,00200000,000e,10817;SOL_COMPUTED,NARROW_FLOAT,31.16406229748,121.45336066751,13.5843,11.0296,WGS84,4.6313,4.1291,14.6129,"2863",1.100,1.100,25,21,17,17,00,00,77,37*3846f5e4
#BESTPOSA,COM1,0,60.5,FINESTEERING,2434,182773.200,00200000,000e,10817;SOL_COMPUTED,NARROW_FLOAT,31.16406246902,121.45335960608,13.5889,11.0296,WGS84,4.6313,4.1291,14.6129,"2863",1.200,1.200,25,21,17,17,00,00,77,37*7c747876
#BESTPOSA,COM1,0,60.5,FINESTEERING,2434,182773.300,00200000,000e,10817;SOL_COMPUTED,NARROW_FLOAT,31.16406295810,121.45335883527,13.5418,11.0296,WGS84,4.6313,4.1291,14.6129,"2863",1.300,1.300,25,21,17,17,00,00,77,37*a4e59e8b
#BESTPOSA,COM1,0,60.0,FINESTEERING,2434,182773.400,00000000,000e,10817;SOL_COMPUTED,NARROW_FLOAT,31.16408946213,121.45336803106,12.6597,11.0296,WGS84,4.6313,4.1291,14.6129,"2863",0.400,0.400,25,21,17,17,00,00,77,37*47c2fcc5
#BESTPOSA,COM1,0,60.0,FINESTEERING,2434,182773.500,00000000,000e,10817;SOL_COMPUTED,NARROW_FLOAT,31.16408984869,121.45336677968,12.6271,11.0296,WGS84,4.6313,4.1291,14.6129,"2863",0.500,0.500,25,21,17,17,00,00,77,37*270ec369
#BESTPOSA,COM1,0,60.0,FINESTEERING,2434,182773.600,00000000,000e,10817;SOL_COMPUTED,NARROW_FLOAT,31.16408953897,121.45336546604,12.6989,11.0296,WGS84,4.6313,4.1291,14.6129,"2863",0.600,0.600,25,21,17,17,00,00,77,37*070212ee
#BESTPOSA,COM1,0,60.0,FINESTEERING,2434,182773.700,00000000,000e,10817;SOL_COMPUTED,NARROW_FLOAT,31.16408962712,121.45336409087,12.7285,11.0296,WGS84,4.6313,4.1291,14.6129,"2863",0.700,0.700,25,21,17,17,00,00,77,37*01448b0d
#BESTPOSA,COM1,0,60.0,FINESTEERING,2434,182773.800,00000000,000e,10817;SOL_COMPUTED,NARROW_FLOAT,31.16408992733,121.45336294791,12.6952,11.0296,WGS84,4.6313,4.1291,14.6129,"2863",0.800,0.800,25,21,17,17,00,00,77,37*4e346fae
#BESTPOSA,COM1,0,60.0,FINESTEERING,2434,182773.900,00000000,000e,10817;SOL_COMPUTED,NARROW_FLOAT,31.16409038486,121.45336203313,12.6375,11.0296,WGS84,4.6313,4.1291,14.6129,"2863",0.900,0.900,25,21,17,17,00,00,77,37*4ed1c778
#BESTPOSA,COM1,0,60.0,FINESTEERING,2434,182774.000,00000000,000e,10817;SOL_COMPUTED,NARROW_FLOAT,31.16409017689,121.45336072473,12.6468,11.0296,WGS84,4.6313,4.1291,14.6129,"2863",1.000,1.000,25,21,17,17,00,00,77,37*2c1b8b0b
$GPGSV,2,1,06,18,60,294,41,24,61,169,47,29,14,221,42,43,49,147,47*77
$GPGSV,2,2,06,56,55,202,46,57,34,242,46*7D
$GLGSV,1,1,02,81,14,177,45,82,53,212,48*6A
$GAGSV,1,1,03,13,38,149,46,26,83,262,47,29,54,254,46*5D
$GBGSV,3,1,09,01,49,147,48,02,34,242,44,03,55,202,48,07,39,172,45*64
$GBGSV,3,2,09,08,16,195,41,10,29,177,43,26,22,160,45,31,18,183,41*6E
$GBGSV,3,3,09,34,43,237,47*57
$GQGSV,1,1,04,02,08,159,42,03,57,152,46,07,53,169,40,08,41,229,43*70
$GIGSV,1,1,01,10,51,165,46*54
$GNGST,024556.00,12.952,7.926,3.389,66.4269,4.631,4.129,14.613*49
#BESTPOSA,COM1,0,60.0,FINESTEERING,2434,182774.100,00000000,000e,10817;SOL_COMPUTED,NARROW_FLOAT,31.16408980733,121.45335939766,12.7103,11.0296,WGS84,4.6313,4.1291,14.6129,"2863",1.100,1.100,25,21,17,17,00,00,77,37*55af5e1f
#BESTPOSA,COM1,0,60.0,FINESTEERING,2434,182774.200,00000000,000e,10817;SOL_COMPUTED,NARROW_FLOAT,31.16409036101,121.45335846421,12.6805,11.0296,WGS84,4.6313,4.1291,14.6129,"2863",1.200,1.200,25,21,17,17,00,00,77,37*f789ba5b
#BESTPOSA,COM1,0,60.0,FINESTEERING,2434,182774.300,00000000,000e,10817;SOL_COMPUTED,NARROW_FLOAT,31.16409660259,121.45336216812,11.4510,11.0296,WGS84,4.6313,4.1291,14.6129,"2863",0.300,0.300,26,22,18,18,00,00,77,37*77f37bed
#BESTPOSA,COM1,0,59.5,FINESTEERING,2434,182774.400,00000000,000e,10817;SOL_COMPUTED,NARROW_FLOAT,31.16409669493,121.45336108034,11.4529,11.0296,WGS84,4.6313,4.1291,14.6129,"2863",0.400,0.400,26,22,18,18,00,00,77,37*50baaff9
#BESTPOSA,COM1,0,59.5,FINESTEERING,2434,182774.500,00000000,000e,10817;SOL_COMPUTED,NARROW_FLOAT,31.16409701502,121.45335994034,11.4234,11.0296,WGS84,4.6313,4.1291,14.6129,"2863",0.500,0.500,27,23,19,18,00,00,77,37*acf465d3
#BESTPOSA,COM1,0,59.5,FINESTEERING,2434,182774.600,00000000,000e,10817;SOL_COMPUTED,NARROW_FLOAT,31.16409711453,121.45335871806,11.4334,11.0296,WGS84,4.6313,4.1291,14.6129,"2863",0.600,0.600,26,22,18,18,00,00,77,37*571e7ddd
#BESTPOSA,COM1,0,59.5,FINESTEERING,2434,182774.700,00000000,000e,10817;SOL_COMPUTED,NARROW_FLOAT,31.16409767322,121.45335776917,11.4358,11.0296,WGS84,4.6313,4.1291,14.6129,"2863",0.700,0.700,26,22,18,18,00,00,77,37*bd7c08bd
#BESTPOSA,COM1,0,59.5,FINESTEERING,2434,182774.800,00000000,000e,10817;SOL_COMPUTED,NARROW_FLOAT,31.16409799052,121.45335674361,11.4426,11.0296,WGS84,4.6313,4.1291,14.6129,"2863",0.800,0.800,26,22,18,18,00,00,77,37*b000aab0
#BESTPOSA,COM1,0,59.5,FINESTEERING,2434,182774.900,00000000,000e,10817;SOL_COMPUTED,NARROW_FLOAT,31.16409800048,121.45335575385,11.4626,11.0296,WGS84,4.6313,4.1291,14.6129,"2863",0.900,0.900,26,22,18,18,00,00,77,37*3679bee5
#BESTPOSA,COM1,0,59.5,FINESTEERING,2434,182775.000,00000000,000e,10817;SOL_COMPUTED,NARROW_FLOAT,31.16409820198,121.45335484432,11.4534,11.0296,WGS84,4.6313,4.1291,14.6129,"2863",1.000,1.000,28,23,19,18,00,00,77,37*cafa422e
$GPGSV,2,1,06,18,60,294,39,24,61,169,47,29,14,221,42,43,49,147,47*78
$GPGSV,2,2,06,56,55,202,46,57,34,242,44*7F
$GLGSV,1,1,03,69,08,265,40,81,14,177,46,82,53,212,48*5A
$GAGSV,1,1,03,13,38,149,46,26,83,262,45,29,54,254,45*5C
$GBGSV,3,1,11,01,49,147,47,02,34,242,45,03,55,202,48,04,37,120,43*6F
$GBGSV,3,2,11,07,39,172,46,08,16,195,42,10,29,177,43,26,22,160,44*6A
$GBGSV,3,3,11,31,18,183,41,34,43,237,47,42,38,296,31*58
$GQGSV,1,1,04,02,08,159,41,03,57,152,46,07,53,169,40,08,41,229,43*73
$GIGSV,1,1,01,10,51,165,46*54
$GNGST,024557.00,11.911,7.219,3.343,65.8213,4.631,4.129,14.613*4F
#BESTPOSA,COM1,0,59.5,FINESTEERING,2434,182775.100,00000000,000e,10817;SOL_COMPUTED,NARROW_FLOAT,31.16409813554,121.45335374055,11.4379,11.0296,WGS84,4.6313,4.1291,14.6129,"2863",1.100,1.100,27,22,18,18,00,00,77,37*a94f5a85
#BESTPOSA,COM1,0,59.5,FINESTEERING,2434,182775.200,00000000,000e,10817;SOL_COMPUTED,NARROW_FLOAT,31.16409850923,121.45335277285,11.4480,11.0296,WGS84,4.6313,4.1291,14.6129,"2863",1.200,1.200,27,22,18,18,00,00,77,37*724ec40a
#BESTPOSA,COM1,0,59.5,FINESTEERING,2434,182775.300,00000000,000e,10817;SOL_COMPUTED,NARROW_FLOAT,31.16409860661,121.45335197823,11.4849,11.0296,WGS84,4.6313,4.1291,14.6129,"2863",1.300,1.300,27,22,18,18,00,00,77,37*9831ec7d
#BESTPOSA,COM1,0,58.0,FINESTEERING,2434,182775.400,00200000,000e,10817;SOL_COMPUTED,NARROW_FLOAT,31.16412698506,121.45337654717,-4.4718,11.0296,WGS84,4.6313,4.1291,14.6129,"2863",0.400,0.400,27,22,18,18,00,00,77,37*7add3e7c
#BESTPOSA,COM1,0,58.0,FINESTEERING,2434,182775.500,00200000,000e,10817;SOL_COMPUTED,NARROW_FLOAT,31.16412687748,121.45337547523,-4.4706,11.0296,WGS84,4.6313,4.1291,14.6129,"2863",0.500,0.500,27,22,18,18,00,00,77,37*3f4f5aba
#BESTPOSA,COM1,0,58.0,FINESTEERING,2434,182775.600,00200000,000e,10817;SOL_COMPUTED,NARROW_FLOAT,31.16412752863,121.45337479349,-4.5170,11.0296,WGS84,4.6313,4.1291,14.6129,"2863",0.600,0.600,27,22,18,18,00,00,77,37*d4da21dc
#BESTPOSA,COM1,0,58.0,FINESTEERING,2434,182775.700,00200000,000e,10817;SOL_COMPUTED,NARROW_FLOAT,31.16412757752,121.45337365664,-4.5271,11.0296,WGS84,4.6313,4.1291,14.6129,"2863",0.700,0.700,27,22,18,18,00,00,77,37*925305f1
#BESTPOSA,COM1,0,58.0,FINESTEERING,2434,182775.800,00200000,000e,10817;SOL_COMPUTED,NARROW_FLOAT,31.16412798500,121.45337275543,-4.5205,11.0296,WGS84,4.6313,4.1291,14.6129,"2863",0.800,0.800,27,22,18,18,00,00,77,37*28d1c0dc
#BESTPOSA,COM1,0,58.0,FINESTEERING,2434,182775.900,00200000,000e,10817;SOL_COMPUTED,NARROW_FLOAT,31.16412800313,121.45337181617,-4.4991,11.0296,WGS84,4.6313,4.1291,14.6129,"2863",0.900,0.900,27,22,18,18,00,00,77,37*cc52b28b
#BESTPOSA,COM1,0,58.0,FINESTEERING,2434,182776.000,00200000,000e,10817;SOL_COMPUTED,NARROW_FLOAT,31.16412841550,121.45337104687,-4.5624,11.0296,WGS84,4.6313,4.1291,14.6129,"2863",1.000,1.000,27,22,18,18,00,00,77,37*75fd2bb4
$GPGSV,2,1,06,18,60,294,40,24,61,169,47,29,14,221,42,43,49,147,46*77
$GPGSV,2,2,06,56,55,202,47,57,34,242,44*7E
$GLGSV,1,1,03,69,08,265,39,81,14,177,45,82,53,212,48*57
$GAGSV,1,1,03,13,38,149,46,26,83,262,46,29,54,254,45*5F
$GBGSV,3,1,10,01,49,147,47,02,34,242,45,03,55,202,47,04,37,120,43*61
$GBGSV,3,2,10,07,39,172,46,08,16,195,42,10,29,177,43,26,22,160,44*6B
$GBGSV,3,3,10,31,18,183,41,34,43,237,47*6B
$GQGSV,1,1,04,02,08,159,40,03,57,152,46,07,53,169,40,08,41,229,43*72
$GIGSV,1,1,01,10,51,165,47*55
$GNGST,024558.00,5.717,3.520,2.000,47.1706,4.631,4.129,14.613*79
#BESTPOSA,COM1,0,58.0,FINESTEERING,2434,182776.100,00200000,000e,10817;SOL_COMPUTED,NARROW_FLOAT,31.16412827462,121.45337012669,-4.5468,11.0296,WGS84,4.6313,4.1291,14.6129,"2863",1.100,1.100,28,23,19,18,00,00,77,37*7fe4ba3c
#BESTPOSA,COM1,0,58.0,FINESTEERING,2434,182776.200,00200000,000e,10817;SOL_COMPUTED,NARROW_FLOAT,31.16412834268,121.45336935085,-4.5634,11.0296,WGS84,4.6313,4.1291,14.6129,"2863",1.200,1.200,27,22,18,18,00,00,77,37*71a40952
#BESTPOSA,COM1,0,58.0,FINESTEERING,2434,182776.300,00200000,000e,10817;SOL_COMPUTED,NARROW_INT,31.16411195489,121.45334340021,5.8919,11.0296,WGS84,4.6313,4.1291,14.6129,"2863",0.300,0.300,28,23,19,18,00,00,77,37*995e4767
#BESTPOSA,COM1,0,58.5,FINESTEERING,2434,182776.400,00000000,000e,10817;SOL_COMPUTED,NARROW_INT,31.16411200214,121.45334271391,5.9268,11.0296,WGS84,4.6313,4.1291,14.6129,"2863",0.400,0.400,27,22,18,18,00,00,77,37*20142835
#BESTPOSA,COM1,0,58.5,FINESTEERING,2434,182776.500,00000000,000e,10817;SOL_COMPUTED,NARROW_INT,31.16411190602,121.45334208699,5.9489,11.0296,WGS84,4.6313,4.1291,14.6129,"2863",0.500,0.500,28,23,19,18,00,00,77,37*ef578385
#BESTPOSA,COM1,0,58.5,FINESTEERING,2434,182776.600,00000000,000e,10817;SOL_COMPUTED,NARROW_INT,31.16411187843,121.45334145260,5.9463,11.0296,WGS84,4.6313,4.1291,14.6129,"2863",0.600,0.600,27,22,18,18,00,00,77,37*2e85538e
#BESTPOSA,COM1,0,58.5,FINESTEERING,2434,182776.700,00000000,000e,10817;SOL_COMPUTED,NARROW_INT,31.16411194237,121.45334068811,5.9326,11.0296,WGS84,4.6313,4.1291,14.6129,"2863",0.700,0.700,27,22,18,18,00,00,77,37*e3e4aa60
#BESTPOSA,COM1,0,58.5,FINESTEERING,2434,182776.800,00000000,000e,10817;SOL_COMPUTED,NARROW_INT,31.16411227718,121.45334029256,5.8917,11.0296,WGS84,4.6313,4.1291,14.6129,"2863",0.800,0.800,28,23,19,18,00,00,77,37*ba6f610d
#BESTPOSA,COM1,0,58.5,FINESTEERING,2434,182776.900,00000000,000e,10817;SOL_COMPUTED,NARROW_INT,31.16411255993,121.45333970569,5.8961,11.0296,WGS84,4.6313,4.1291,14.6129,"2863",0.900,0.900,27,22,18,18,00,00,77,37*6f9e99d0
#BESTPOSA,COM1,0,58.5,FINESTEERING,2434,182777.000,00000000,000e,10817;SOL_COMPUTED,NARROW_INT,31.16411304000,121.45333923435,5.8652,11.0296,WGS84,4.6313,4.1291,14.6129,"2863",1.000,1.000,27,22,18,18,00,00,77,37*e6f7625c
$GPGSV,2,1,06,18,60,294,41,24,61,169,48,29,14,221,42,43,49,147,46*79
$GPGSV,2,2,06,56,55,202,46,57,34,242,44*7F
$GLGSV,1,1,03,69,08,265,40,81,14,177,46,82,53,212,48*5A
$GAGSV,1,1,03,13,38,149,46,26,83,262,45,29,54,254,45*5C
$GBGSV,3,1,10,01,49,147,48,02,34,242,45,03,55,202,46,04,37,120,43*6F
$GBGSV,3,2,10,07,39,172,46,08,16,195,42,10,29,177,43,26,22,160,45*6A
$GBGSV,3,3,10,31,18,183,40,34,43,237,47*6A
$GQGSV,1,1,04,02,08,159,40,03,57,152,47,07,53,169,40,08,41,229,43*73
$GIGSV,1,1,01,10,51,165,44*56
$GNGST,024559.00,0.039,0.024,0.008,72.7879,4.631,4.129,14.613*79
#BESTPOSA,COM1,0,58.5,FINESTEERING,2434,182777.100,00000000,000e,10817;SOL_COMPUTED,NARROW_INT,31.16411308191,121.45333863039,5.8674,11.0296,WGS84,4.6313,4.1291,14.6129,"2863",1.100,1.100,27,22,18,18,00,00,77,37*f84e4e2f
#BESTPOSA,COM1,0,58.5,FINESTEERING,2434,182777.200,00000000,000e,10817;SOL_COMPUTED,NARROW_INT,31.16411300089,121.45333808586,5.8797,11.0296,WGS84,4.6313,4.1291,14.6129,"2863",1.200,1.200,27,22,18,18,00,00,77,37*e4d17716
#BESTPOSA,COM1,0,58.5,FINESTEERING,2434,182777.300,00000000,000e,10817;SOL_COMPUTED,NARROW_INT,31.16411334196,121.45333787550,5.8564,11.0296,WGS84,4.6313,4.1291,14.6129,"2863",0.300,0.300,27,22,18,18,00,00,77,37*b4982852
#BESTPOSA,COM1,0,60.0,FINESTEERING,2434,182777.400,00000000,000e,10817;SOL_COMPUTED,NARROW_INT,31.16411351708,121.45333745000,5.8525,11.0296,WGS84,4.6313,4.1291,14.6129,"2863",0.400,0.400,28,23,19,18,00,00,77,37*1ebe0921
#BESTPOSA,COM1,0,60.0,FINESTEERING,2434,182777.500,00000000,000e,10817;SOL_COMPUTED,NARROW_INT,31.16411342680,121.45333704224,5.8660,11.0296,WGS84,4.6313,4.1291,14.6129,"2863",0.500,0.500,27,22,18,18,00,00,77,37*b9165fd9
#BESTPOSA,COM1,0,60.0,FINESTEERING,2434,182777.600,00000000,000e,10817;SOL_COMPUTED,NARROW_INT,31.16411375605,121.45333682166,5.8257,11.0296,WGS84,4.6313,4.1291,14.6129,"2863",0.600,0.600,27,22,18,18,00,00,77,37*2da006b6
#BESTPOSA,COM1,0,60.0,FINESTEERING,2434,182777.700,00000000,000e,10817;SOL_COMPUTED,NARROW_INT,31.16411368458,121.45333656864,5.8392,11.0296,WGS84,4.6313,4.1291,14.6129,"2863",0.700,0.700,27,22,18,18,00,00,77,37*de9c390b
#BESTPOSA,COM1,0,60.0,FINESTEERING,2434,182777.800,00000000,000e,10817;SOL_COMPUTED,NARROW_INT,31.16411357032,121.45333625149,5.8774,11.0296,WGS84,4.6313,4.1291,14.6129,"2863",0.800,0.800,27,22,18,18,00,00,77,37*412f9874
#BESTPOSA,COM1,0,60.0,FINESTEERING,2434,182777.900,00000000,000e,10817;SOL_COMPUTED,NARROW_INT,31.16411381062,121.45333600728,5.8293,11.0296,WGS84,4.6313,4.1291,14.6129,"2863",0.900,0.900,27,22,18,18,00,00,77,37*f824acc8
#BESTPOSA,COM1,0,60.0,FINESTEERING,2434,182778.000,00000000,000e,10817;SOL_COMPUTED,NARROW_INT,31.16411354327,121.45333563925,5.8655,11.0296,WGS84,4.6313,4.1291,14.6129,"2863",1.000,1.000,27,22,18,18,00,00,77,37*4a26a10f
$GPGSV,2,1,06,18,60,294,41,24,61,169,47,29,14,221,43,43,49,147,45*74
$GPGSV,2,2,06,56,55,202,44,57,34,242,43*7A
$GLGSV,1,1,03,69,08,265,39,81,14,177,45,82,53,212,49*56
$GAGSV,1,1,03,13,38,149,46,26,83,262,47,29,54,254,46*5D
$GBGSV,3,1,10,01,49,147,44,02,34,242,43,03,55,202,46,04,37,120,42*64
$GBGSV,3,2,10,07,39,172,46,08,16,195,41,10,29,177,42,26,22,160,46*6B
$GBGSV,3,3,10,31,18,183,40,34,43,237,48*65
$GQGSV,1,1,04,02,08,159,37,03,57,152,46,07,53,169,40,08,41,229,43*72
$GIGSV,1,1,01,10,51,165,47*55
$GNGST,024600.00,0.045,0.030,0.008,71.0965,4.631,4.129,14.613*70
#BESTPOSA,COM1,0,60.0,FINESTEERING,2434,182778.100,00000000,000e,10817;SOL_COMPUTED,NARROW_INT,31.16411361790,121.45333559185,5.8850,11.0296,WGS84,4.6313,4.1291,14.6129,"2863",1.100,1.100,27,22,18,18,00,00,77,37*7d0496e4
#BESTPOSA,COM1,0,60.0,FINESTEERING,2434,182778.200,00000000,000e,10817;SOL_COMPUTED,NARROW_INT,31.16411356348,121.45333545209,5.8956,11.0296,WGS84,4.6313,4.1291,14.6129,"2863",1.200,1.200,27,22,18,18,00,00,77,37*e8f2c126
#BESTPOSA,COM1,0,60.0,FINESTEERING,2434,182778.300,00000000,000e,10817;SOL_COMPUTED,NARROW_INT,31.16411367863,121.45333549151,5.8770,11.0296,WGS84,4.6313,4.1291,14.6129,"2863",0.300,0.300,27,22,18,18,00,00,77,37*e9134457
#BESTPOSA,COM1,0,58.0,FINESTEERING,2434,182778.400,00000000,000e,10817;SOL_COMPUTED,NARROW_INT,31.16411371302,121.45333537649,5.8781,11.0296,WGS84,4.6313,4.1291,14.6129,"2863",0.400,0.400,27,22,18,18,00,00,77,37*2b2affac
#BESTPOSA,COM1,0,58.0,FINESTEERING,2434,182778.500,00000000,000e,10817;SOL_COMPUTED,NARROW_INT,31.16411375377,121.45333522880,5.8741,11.0296,WGS84,4.6313,4.1291,14.6129,"2863",0.500,0.500,27,22,18,18,00,00,77,37*53b0e6de
#BESTPOSA,COM1,0,58.0,FINESTEERING,2434,182778.600,00000000,000e,10817;SOL_COMPUTED,NARROW_INT,31.16411376720,121.45333517270,5.8747,11.0296,WGS84,4.6313,4.1291,14.6129,"2863",0.600,0.600,28,23,19,18,00,00,77,37*976173e4
#BESTPOSA,COM1,0,58.0,FINESTEERING,2434,182778.700,00000000,000e,10817;SOL_COMPUTED,NARROW_INT,31.16411377516,121.45333518240,5.8734,11.0296,WGS84,4.6313,4.1291,14.6129,"2863",0.700,0.700,28,23,19,18,00,00,77,37*505232aa
#BESTPOSA,COM1,0,58.0,FINESTEERING,2434,182778.800,00000000,000e,10817;SOL_COMPUTED,NARROW_INT,31.16411379294,121.45333515842,5.8714,11.0296,WGS84,4.6313,4.1291,14.6129,"2863",0.800,0.800,28,23,19,18,00,00,77,37*4f562a60
#BESTPOSA,COM1,0,58.0,FINESTEERING,2434,182778.900,00000000,000e,10817;SOL_COMPUTED,NARROW_INT,31.16411380010,121.45333515447,5.8658,11.0296,WGS84,4.6313,4.1291,14.6129,"2863",0.900,0.900,28,23,19,18,00,00,77,37*a604b357
#BESTPOSA,COM1,0,58.0,FINESTEERING,2434,182779.000,00000000,000e,10817;SOL_COMPUTED,NARROW_INT,31.16411378633,121.45333516271,5.8678,11.0296,WGS84,4.6313,4.1291,14.6129,"2863",1.000,1.000,28,23,19,18,00,00,77,37*cf7103d2
$GPGSV,2,1,06,18,60,294,41,24,61,169,47,29,14,221,43,43,49,147,50*70
$GPGSV,2,2,06,56,55,202,46,57,34,242,41*7A
$GLGSV,1,1,03,69,08,265,38,81,14,177,43,82,53,212,48*50
$GAGSV,1,1,03,13,38,149,45,26,83,262,48,29,54,254,46*51
$GBGSV,3,1,11,01,49,147,47,02,34,242,45,03,55,202,46,04,37,120,45*67
$GBGSV,3,2,11,07,39,172,47,08,16,195,42,10,29,177,41,26,22,160,46*6B
$GBGSV,3,3,11,31,18,183,40,34,43,237,47,42,38,296,34*5C
$GQGSV,1,1,04,02,08,159,38,03,57,152,46,07,53,169,40,08,41,229,43*7D
$GIGSV,1,1,01,10,51,165,47*55
$GNGST,024601.00,0.026,0.015,0.006,67.9609,4.631,4.129,14.613*76
#BESTPOSA,COM1,0,58.0,FINESTEERING,2434,182779.100,00000000,000e,10817;SOL_COMPUTED,NARROW_INT,31.16411391341,121.45333514073,5.8385,11.0296,WGS84,4.6313,4.1291,14.6129,"2863",1.100,1.100,28,23,19,18,00,00,77,37*7bc15a98
#BESTPOSA,COM1,0,58.0,FINESTEERING,2434,182779.200,00000000,000e,10817;SOL_COMPUTED,NARROW_INT,31.16411395663,121.45333514680,5.8294,11.0296,WGS84,4.6313,4.1291,14.6129,"2863",1.200,1.200,28,23,19,18,00,00,77,37*0385ce8b
#BESTPOSA,COM1,0,58.0,FINESTEERING,2434,182779.300,00000000,000e,10817;SOL_COMPUTED,NARROW_INT,31.16411393329,121.45333514693,5.8470,11.0296,WGS84,4.6313,4.1291,14.6129,"2863",0.300,0.300,28,23,19,18,00,00,77,37*dec773f8
#BESTPOSA,COM1,0,60.0,FINESTEERING,2434,182779.400,00000000,000e,10817;SOL_COMPUTED,NARROW_INT,31.16411393718,121.45333512738,5.8470,11.0296,WGS84,4.6313,4.1291,14.6129,"2863",0.400,0.400,28,23,19,18,00,00,77,37*6997bb14
#BESTPOSA,COM1,0,60.0,FINESTEERING,2434,182779.500,00000000,000e,10817;SOL_COMPUTED,NARROW_INT,31.16411393573,121.45333509148,5.8478,11.0296,WGS84,4.6313,4.1291,14.6129,"2863",0.500,0.500,28,23,19,18,00,00,77,37*6f64872c
#BESTPOSA,COM1,0,60.0,FINESTEERING,2434,182779.600,00000000,000e,10817;SOL_COMPUTED,NARROW_INT,31.16411389197,121.45333506140,5.8510,11.0296,WGS84,4.6313,4.1291,14.6129,"2863",0.600,0.600,28,23,19,18,00,00,77,37*d9250816
#BESTPOSA,COM1,0,60.0,FINESTEERING,2434,182779.700,00000000,000e,10817;SOL_COMPUTED,NARROW_INT,31.16411388272,121.45333507080,5.8492,11.0296,WGS84,4.6313,4.1291,14.6129,"2863",0.700,0.700,28,23,19,18,00,00,77,37*cc3231d3
#BESTPOSA,COM1,0,60.0,FINESTEERING,2434,182779.800,00000000,000e,10817;SOL_COMPUTED,NARROW_INT,31.16411391169,121.45333505649,5.8425,11.0296,WGS84,4.6313,4.1291,14.6129,"2863",0.800,0.800,28,23,19,18,00,00,77,37*6f14e1d8
#BESTPOSA,COM1,0,60.0,FINESTEERING,2434,182779.900,00000000,000e,10817;SOL_COMPUTED,NARROW_INT,31.16411394254,121.45333503374,5.8381,11.0296,WGS84,4.6313,4.1291,14.6129,"2863",0.900,0.900,28,23,19,18,00,00,77,37*0ffb9c96
#BESTPOSA,COM1,0,60.0,FINESTEERING,2434,182780.000,00000000,000e,10817;SOL_COMPUTED,NARROW_INT,31.16411394726,121.45333499031,5.8380,11.0296,WGS84,4.6313,4.1291,14.6129,"2863",1.000,1.000,28,23,19,18,00,00,77,37*16f67fa3
$GPGSV,2,1,06,18,60,294,42,24,61,169,47,29,14,221,43,43,49,147,50*73
$GPGSV,2,2,06,56,55,202,45,57,34,242,41*79
$GLGSV,1,1,03,69,08,265,38,81,14,177,43,82,53,212,48*50
$GAGSV,1,1,03,13,38,149,44,26,83,262,48,29,54,254,46*50
$GBGSV,3,1,11,01,49,147,46,02,34,242,45,03,55,202,47,04,37,120,44*66
$GBGSV,3,2,11,07,39,172,46,08,16,195,38,10,29,177,40,26,22,160,46*66
$GBGSV,3,3,11,31,18,183,40,34,43,237,47,42,38,296,33*5B
$GQGSV,1,1,04,02,08,159,38,03,57,152,45,07,53,169,40,08,41,229,43*7E
$GIGSV,1,1,01,10,51,165,47*55
$GNGST,024602.00,0.024,0.014,0.006,66.2700,4.631,4.129,14.613*74
#BESTPOSA,COM1,0,60.0,FINESTEERING,2434,182780.100,00000000,000e,10817;SOL_COMPUTED,NARROW_INT,31.16411396345,121.45333497620,5.8397,11.0296,WGS84,4.6313,4.1291,14.6129,"2863",1.100,1.100,28,23,19,18,00,00,77,37*5a2a6c08
#BESTPOSA,COM1,0,60.0,FINESTEERING,2434,182780.200,00000000,000e,10817;SOL_COMPUTED,NARROW_INT,31.16411399113,121.45333494856,5.8372,11.0296,WGS84,4.6313,4.1291,14.6129,"2863",1.200,1.200,28,23,19,18,00,00,77,37*864eb81a
#BESTPOSA,COM1,0,60.0,FINESTEERING,2434,182780.300,00000000,000e,10817;SOL_COMPUTED,NARROW_INT,31.16411404604,121.45333494127,5.8347,11.0296,WGS84,4.6313,4.1291,14.6129,"2863",1.300,1.300,28,23,19,18,00,00,77,37*02ef60b9
#BESTPOSA,COM1,0,60.5,FINESTEERING,2434,182780.400,00000000,000e,10817;SOL_COMPUTED,NARROW_INT,31.16411414935,121.45333496446,5.8384,11.0296,WGS84,4.6313,4.1291,14.6129,"2863",0.400,0.400,28,23,19,18,00,00,77,37*efbd1beb
#BESTPOSA,COM1,0,60.5,FINESTEERING,2434,182780.500,00000000,000e,10817;SOL_COMPUTED,NARROW_INT,31.16411416819,121.45333494963,5.8401,11.0296,WGS84,4.6313,4.1291,14.6129,"2863",0.500,0.500,28,23,19,18,00,00,77,37*3774eef5
#BESTPOSA,COM1,0,60.5,FINESTEERING,2434,182780.600,00000000,000e,10817;SOL_COMPUTED,NARROW_INT,31.16411420008,121.45333492098,5.8375,11.0296,WGS84,4.6313,4.1291,14.6129,"2863",0.600,0.600,28,23,19,18,00,00,77,37*00387888
#BESTPOSA,COM1,0,60.5,FINESTEERING,2434,182780.700,00000000,000e,10817;SOL_COMPUTED,NARROW_INT,31.16411419961,121.45333490806,5.8342,11.0296,WGS84,4.6313,4.1291,14.6129,"2863",0.700,0.700,28,23,19,18,00,00,77,37*e9d0eb23
#BESTPOSA,COM1,0,60.5,FINESTEERING,2434,182780.800,00000000,000e,10817;SOL_COMPUTED,NARROW_INT,31.16411416958,121.45333486430,5.8353,11.0296,WGS84,4.6313,4.1291,14.6129,"2863",0.800,0.800,28,23,19,18,00,00,77,37*9d18cfab
#BESTPOSA,COM1,0,60.5,FINESTEERING,2434,182780.900,00000000,000e,10817;SOL_COMPUTED,NARROW_INT,31.16411416496,121.45333486301,5.8350,11.0296,WGS84,4.6313,4.1291,14.6129,"2863",0.900,0.900,28,23,19,18,00,00,77,37*38638b9b
#BESTPOSA,COM1,0,60.5,FINESTEERING,2434,182781.000,00000000,000e,10817;SOL_COMPUTED,NARROW_INT,31.16411417149,121.45333482634,5.8338,11.0296,WGS84,4.6313,4.1291,14.6129,"2863",1.000,1.000,29,23,19,18,00,00,77,37*06860d70
$GPGSV,2,1,06,18,60,294,41,24,61,169,47,29,14,221,44,43,49,147,49*7F
$GPGSV,2,2,06,56,55,202,44,57,34,242,43*7A
$GLGSV,1,1,04,68,41,304,28,69,08,265,38,81,14,177,42,82,53,212,48*60
$GAGSV,1,1,03,13,38,149,42,26,83,262,48,29,54,254,46*56
$GBGSV,3,1,11,01,49,147,45,02,34,242,45,03,55,202,48,04,37,120,41*6F
$GBGSV,3,2,11,07,39,172,46,08,16,195,39,10,29,177,40,26,22,160,45*64
$GBGSV,3,3,11,31,18,183,40,34,43,237,47,42,38,296,29*50
$GQGSV,1,1,04,02,08,159,38,03,57,152,45,07,53,169,38,08,41,229,43*71
$GIGSV,1,1,01,10,51,165,47*55
$GNGST,024603.00,0.024,0.014,0.006,66.6983,4.631,4.129,14.613*74
#BESTPOSA,COM1,0,60.5,FINESTEERING,2434,182781.100,00000000,000e,10817;SOL_COMPUTED,NARROW_INT,31.16411420640,121.45333481274,5.8305,11.0296,WGS84,4.6313,4.1291,14.6129,"2863",1.100,1.100,29,23,19,18,00,00,77,37*35f211e8
#BESTPOSA,COM1,0,60.5,FINESTEERING,2434,182781.200,00000000,000e,10817;SOL_COMPUTED,NARROW_INT,31.16411417553,121.45333481534,5.8336,11.0296,WGS84,4.6313,4.1291,14.6129,"2863",1.200,1.200,28,23,19,18,00,00,77,37*fe418f59
#BESTPOSA,COM1,0,60.5,FINESTEERING,2434,182781.300,00000000,000e,10817;SOL_COMPUTED,NARROW_INT,31.16411412090,121.45333478683,5.8406,11.0296,WGS84,4.6313,4.1291,14.6129,"2863",1.300,1.300,28,23,19,18,00,00,77,37*51984398
#BESTPOSA,COM1,0,61.5,FINESTEERING,2434,182781.400,00200000,000e,10817;SOL_COMPUTED,NARROW_INT,31.16411413011,121.45333476324,5.8419,11.0296,WGS84,4.6313,4.1291,14.6129,"2863",1.400,1.400,28,23,19,18,00,00,77,37*ec0f02f5
#BESTPOSA,COM1,0,61.5,FINESTEERING,2434,182781.500,00200000,000e,10817;SOL_COMPUTED,NARROW_INT,31.16411417981,121.45333476568,5.8369,11.0296,WGS84,4.6313,4.1291,14.6129,"2863",1.500,1.500,28,23,19,18,00,00,77,37*3b70bdac
#BESTPOSA,COM1,0,61.5,FINESTEERING,2434,182781.600,00200000,000e,10817;SOL_COMPUTED,NARROW_INT,31.16411433664,121.45333483481,5.8175,11.0296,WGS84,4.6313,4.1291,14.6129,"2863",1.600,1.600,28,23,19,18,00,00,77,37*94e32998
#BESTPOSA,COM1,0,61.5,FINESTEERING,2434,182781.700,00200000,000e,10817;SOL_COMPUTED,NARROW_INT,31.16411435493,121.45333486237,5.8185,11.0296,WGS84,4.6313,4.1291,14.6129,"2863",1.700,1.700,28,23,19,18,00,00,77,37*1ad1a46b
#BESTPOSA,COM1,0,61.5,FINESTEERING,2434,182781.800,00200000,000e,10817;SOL_COMPUTED,NARROW_INT,31.16411427213,121.45333482574,5.8267,11.0296,WGS84,4.6313,4.1291,14.6129,"2863",1.800,1.800,28,23,19,18,00,00,77,37*adf41fc5
#BESTPOSA,COM1,0,61.5,FINESTEERING,2434,182781.900,00200000,000e,10817;SOL_COMPUTED,NARROW_INT,31.16411422519,121.45333478290,5.8400,11.0296,WGS84,4.6313,4.1291,14.6129,"2863",0.900,0.900,28,23,19,18,00,00,77,37*06ac067c
#BESTPOSA,COM1,0,61.5,FINESTEERING,2434,182782.000,00200000,000e,10817;SOL_COMPUTED,NARROW_INT,31.16411422469,121.45333477084,5.8408,11.0296,WGS84,4.6313,4.1291,14.6129,"2863",1.000,1.000,28,23,19,18,00,00,77,37*1482382f
$GPGSV,2,1,06,18,60,294,40,24,61,169,48,29,14,221,42,43,49,147,49*77
$GPGSV,2,2,06,56,55,202,44,57,34,242,44*7D
$GLGSV,1,1,03,69,08,265,36,81,14,177,42,82,53,212,48*5F
$GAGSV,1,1,03,13,38,149,41,26,83,262,47,29,54,254,46*5A
$GBGSV,3,1,11,01,49,147,45,02,34,242,45,03,55,202,49,04,37,120,41*6E
$GBGSV,3,2,11,07,39,172,45,08,16,195,38,10,29,177,40,26,22,160,45*66
$GBGSV,3,3,11,31,18,183,40,34,43,237,46,42,38,296,27*5F
$GQGSV,1,1,04,02,08,159,37,03,57,152,44,07,53,169,38,08,41,229,42*7E
$GIGSV,1,1,01,10,51,165,47*55
$GNGST,024604.00,0.024,0.014,0.006,66.0273,4.631,4.129,14.613*71
#BESTPOSA,COM1,0,61.5,FINESTEERING,2434,182782.100,00200000,000e,10817;SOL_COMPUTED,NARROW_INT,31.16411428208,121.45333482069,5.8357,11.0296,WGS84,4.6313,4.1291,14.6129,"2863",1.100,1.100,28,23,19,18,00,00,77,37*081fc232
#BESTPOSA,COM1,0,61.5,FINESTEERING,2434,182782.200,00200000,000e,10817;SOL_COMPUTED,NARROW_INT,31.16411425849,121.45333482448,5.8393,11.0296,WGS84,4.6313,4.1291,14.6129,"2863",1.200,1.200,28,23,19,18,00,00,77,37*02b74a9c
#BESTPOSA,COM1,0,61.5,FINESTEERING,2434,182782.300,00200000,000e,10817;SOL_COMPUTED,NARROW_INT,31.16411426983,121.45333483302,5.8349,11.0296,WGS84,4.6313,4.1291,14.6129,"2863",1.300,1.300,28,23,19,18,00,00,77,37*63e9f218
#BESTPOSA,COM1,0,54.0,FINESTEERING,2434,182782.400,00000000,000e,10817;SOL_COMPUTED,NARROW_INT,31.16411429097,121.45333485199,5.8331,11.0296,WGS84,4.6313,4.1291,14.6129,"2863",0.400,0.400,28,23,19,18,00,00,77,37*42de08fd
#BESTPOSA,COM1,0,54.0,FINESTEERING,2434,182782.500,00000000,000e,10817;SOL_COMPUTED,NARROW_INT,31.16411427501,121.45333484064,5.8340,11.0296,WGS84,4.6313,4.1291,14.6129,"2863",0.500,0.500,28,23,19,18,00,00,77,37*773ae59e
#BESTPOSA,COM1,0,54.0,FINESTEERING,2434,182782.600,00000000,000e,10817;SOL_COMPUTED,NARROW_INT,31.16411429531,121.45333484162,5.8302,11.0296,WGS84,4.6313,4.1291,14.6129,"2863",0.600,0.600,28,23,19,18,00,00,77,37*01a4d4de
#BESTPOSA,COM1,0,54.0,FINESTEERING,2434,182782.700,00000000,000e,10817;SOL_COMPUTED,NARROW_INT,31.16411433461,121.45333485613,5.8277,11.0296,WGS84,4.6313,4.1291,14.6129,"2863",0.700,0.700,28,23,19,18,00,00,77,37*9e75e495
#BESTPOSA,COM1,0,54.0,FINESTEERING,2434,182782.800,00000000,000e,10817;SOL_COMPUTED,NARROW_INT,31.16411434191,121.45333485030,5.8251,11.0296,WGS84,4.6313,4.1291,14.6129,"2863",0.800,0.800,28,23,19,18,00,00,77,37*a8366932
#BESTPOSA,COM1,0,54.0,FINESTEERING,2434,182782.900,00000000,000e,10817;SOL_COMPUTED,NARROW_INT,31.16411432120,121.45333483796,5.8268,11.0296,WGS84,4.6313,4.1291,14.6129,"2863",0.900,0.900,28,23,19,18,00,00,77,37*c43863ff
#BESTPOSA,COM1,0,54.0,FINESTEERING,2434,182783.000,00000000,000e,10817;SOL_COMPUTED,NARROW_INT,31.16411433008,121.45333484296,5.8255,11.0296,WGS84,4.6313,4.1291,14.6129,"2863",1.000,1.000,29,23,19,18,00,00,77,37*528d752b
$GPGSV,2,1,06,18,60,294,40,24,61,169,48,29,14,221,42,43,49,147,48*76
$GPGSV,2,2,06,56,55,202,44,57,34,242,44*7D
$GLGSV,1,1,04,68,41,304,26,69,08,265,35,81,14,177,42,82,53,212,48*63
$GAGSV,1,1,03,13,38,149,41,26,83,262,47,29,54,254,46*5A
$GBGSV,3,1,11,01,49,147,45,02,34,242,45,03,55,202,50,04,37,120,40*67
$GBGSV,3,2,11,07,39,172,45,08,16,195,38,10,29,177,41,26,22,160,45*67
$GBGSV,3,3,11,31,18,183,40,34,43,237,46,42,38,296,27*5F
$GQGSV,1,1,04,02,08,159,37,03,57,152,44,07,53,169,38,08,41,229,42*7E
$GIGSV,1,1,01,10,51,165,47*55
$GNGST,024605.00,0.024,0.014,0.006,67.6994,4.631,4.129,14.613*75
#BESTPOSA,COM1,0,54.0,FINESTEERING,2434,182783.100,00000000,000e,10817;SOL_COMPUTED,NARROW_INT,31.16411434197,121.45333483729,5.8250,11.0296,WGS84,4.6313,4.1291,14.6129,"2863",1.100,1.100,29,23,19,18,00,00,77,37*64e24278
#BESTPOSA,COM1,0,54.0,FINESTEERING,2434,182783.200,00000000,000e,10817;SOL_COMPUTED,NARROW_INT,31.16411432760,121.45333483076,5.8304,11.0296,WGS84,4.6313,4.1291,14.6129,"2863",1.200,1.200,29,23,19,18,00,00,77,37*98783ea4
#BESTPOSA,COM1,0,54.0,FINESTEERING,2434,182783.300,00000000,000e,10817;SOL_COMPUTED,NARROW_INT,31.16411436592,121.45333483312,5.8272,11.0296,WGS84,4.6313,4.1291,14.6129,"2863",0.300,0.300,29,23,19,18,00,00,77,37*5f85bf55
#BESTPOSA,COM1,0,58.0,FINESTEERING,2434,182783.400,00000000,000e,10817;SOL_COMPUTED,NARROW_INT,31.16411438977,121.45333480169,5.8245,11.0296,WGS84,4.6313,4.1291,14.6129,"2863",0.400,0.400,29,23,19,18,00,00,77,37*8056fca3
#BESTPOSA,COM1,0,58.0,FINESTEERING,2434,182783.500,00000000,000e,10817;SOL_COMPUTED,NARROW_INT,31.16411439973,121.45333480697,5.8236,11.0296,WGS84,4.6313,4.1291,14.6129,"2863",0.500,0.500,29,23,19,18,00,00,77,37*113e224f
#BESTPOSA,COM1,0,58.0,FINESTEERING,2434,182783.600,00000000,000e,10817;SOL_COMPUTED,NARROW_INT,31.16411439969,121.45333479686,5.8236,11.0296,WGS84,4.6313,4.1291,14.6129,"2863",0.600,0.600,29,23,19,18,00,00,77,37*7c7460a9
#BESTPOSA,COM1,0,58.0,FINESTEERING,2434,182783.700,00000000,000e,10817;SOL_COMPUTED,NARROW_INT,31.16411440124,121.45333480034,5.8250,11.0296,WGS84,4.6313,4.1291,14.6129,"2863",0.700,0.700,29,23,19,18,00,00,77,37*b2f04dea
#BESTPOSA,COM1,0,58.0,FINESTEERING,2434,182783.800,00000000,000e,10817;SOL_COMPUTED,NARROW_INT,31.16411440708,121.45333480331,5.8266,11.0296,WGS84,4.6313,4.1291,14.6129,"2863",0.800,0.800,29,23,19,18,00,00,77,37*3d7e5c58
#BESTPOSA,COM1,0,58.0,FINESTEERING,2434,182783.900,00000000,000e,10817;SOL_COMPUTED,NARROW_INT,31.16411443156,121.45333481850,5.8267,11.0296,WGS84,4.6313,4.1291,14.6129,"2863",0.900,0.900,29,23,19,18,00,00,77,37*4f5ddbf5
#BESTPOSA,COM1,0,58.0,FINESTEERING,2434,182784.000,00000000,000e,10817;SOL_COMPUTED,NARROW_INT,31.16411442403,121.45333481252,5.8268,11.0296,WGS84,4.6313,4.1291,14.6129,"2863",1.000,1.000,29,23,19,18,00,00,77,37*116cf08e
$GPGSV,2,1,06,18,60,294,39,24,61,169,48,29,14,221,42,43,49,147,48*78
$GPGSV,2,2,06,56,55,202,44,57,34,242,43*7A
$GLGSV,1,1,04,68,41,304,27,69,08,265,35,81,14,177,43,82,53,212,48*63
$GAGSV,1,1,03,13,38,149,41,26,83,262,47,29,54,254,45*59
$GBGSV,3,1,11,01,49,147,44,02,34,242,46,03,55,202,50,04,37,120,41*64
$GBGSV,3,2,11,07,39,172,45,08,16,195,38,10,29,177,41,26,22,160,45*67
$GBGSV,3,3,11,31,18,183,40,34,43,237,46,42,38,296,27*5F
$GQGSV,1,1,04,02,08,159,37,03,57,152,44,07,53,169,38,08,41,229,42*7E
$GIGSV,1,1,01,10,51,165,47*55
$GNGST,024606.00,0.023,0.014,0.006,67.2837,4.631,4.129,14.613*7D
#BESTPOSA,COM1,0,58.0,FINESTEERING,2434,182784.100,00000000,000e,10817;SOL_COMPUTED,NARROW_INT,31.16411442838,121.45333482260,5.8279,11.0296,WGS84,4.6313,4.1291,14.6129,"2863",1.100,1.100,29,23,19,18,00,00,77,37*629ebb0a
#BESTPOSA,COM1,0,58.0,FINESTEERING,2434,182784.200,00000000,000e,10817;SOL_COMPUTED,NARROW_INT,31.16411442607,121.45333480726,5.8266,11.0296,WGS84,4.6313,4.1291,14.6129,"2863",1.200,1.200,29,23,19,18,00,00,77,37*14d14866
#BESTPOSA,COM1,0,58.0,FINESTEERING,2434,182784.300,00000000,000e,10817;SOL_COMPUTED,NARROW_INT,31.16411447131,121.45333480336,5.8231,11.0296,WGS84,4.6313,4.1291,14.6129,"2863",0.300,0.300,29,23,19,18,00,00,77,37*8a3e8909
#BESTPOSA,COM1,0,62.0,FINESTEERING,2434,182784.400,00000000,000e,10817;SOL_COMPUTED,NARROW_INT,31.16411448190,121.45333480343,5.8202,11.0296,WGS84,4.6313,4.1291,14.6129,"2863",0.400,0.400,29,23,19,18,00,00,77,37*2945073e
#BESTPOSA,COM1,0,62.0,FINESTEERING,2434,182784.500,00000000,000e,10817;SOL_COMPUTED,NARROW_INT,31.16411448131,121.45333477578,5.8196,11.0296,WGS84,4.6313,4.1291,14.6129,"2863",0.500,0.500,29,23,19,18,00,00,77,37*3c04fa53
#BESTPOSA,COM1,0,62.0,FINESTEERING,2434,182784.600,00000000,000e,10817;SOL_COMPUTED,NARROW_INT,31.16411448631,121.45333476992,5.8174,11.0296,WGS84,4.6313,4.1291,14.6129,"2863",0.600,0.600,29,23,19,18,00,00,77,37*f51c1265
#BESTPOSA,COM1,0,62.0,FINESTEERING,2434,182784.700,00000000,000e,10817;SOL_COMPUTED,NARROW_INT,31.16411449247,121.45333477898,5.8144,11.0296,WGS84,4.6313,4.1291,14.6129,"2863",0.700,0.700,29,23,19,18,00,00,77,37*c3d119a0
#BESTPOSA,COM1,0,62.0,FINESTEERING,2434,182784.800,00000000,000e,10817;SOL_COMPUTED,NARROW_INT,31.16411451338,121.45333478642,5.8102,11.0296,WGS84,4.6313,4.1291,14.6129,"2863",0.800,0.800,29,23,19,18,00,00,77,37*21fcf6e1
#BESTPOSA,COM1,0,62.0,FINESTEERING,2434,182784.900,00000000,000e,10817;SOL_COMPUTED,NARROW_INT,31.16411454750,121.45333477874,5.8084,11.0296,WGS84,4.6313,4.1291,14.6129,"2863",0.900,0.900,29,23,19,18,00,00,77,37*f6182a3b
#BESTPOSA,COM1,0,62.0,FINESTEERING,2434,182785.000,00000000,000e,10817;SOL_COMPUTED,NARROW_INT,31.16411461710,121.45333475728,5.8011,11.0296,WGS84,4.6313,4.1291,14.6129,"2863",1.000,1.000,29,23,19,18,00,00,77,37*154a2b60
$GPGSV,2,1,06,18,60,294,38,24,61,169,48,29,14,221,42,43,49,147,47*76
$GPGSV,2,2,06,56,55,202,44,57,34,242,43*7A
$GLGSV,1,1,04,68,41,304,27,69,08,265,37,81,14,177,43,82,53,212,48*61
$GAGSV,1,1,03,13,38,149,41,26,83,262,47,29,54,254,45*59
$GBGSV,3,1,11,01,49,147,44,02,34,242,46,03,55,202,50,04,37,120,42*67
$GBGSV,3,2,11,07,39,172,45,08,16,195,38,10,29,177,42,26,22,160,45*64
$GBGSV,3,3,11,31,18,183,40,34,43,237,46,42,38,296,27*5F
$GQGSV,1,1,04,02,08,159,37,03,57,152,43,07,53,169,37,08,41,229,41*75
$GIGSV,1,1,01,10,51,165,47*55
$GNGST,024607.00,0.024,0.014,0.006,68.4619,4.631,4.129,14.613*70
#BESTPOSA,COM1,0,62.0,FINESTEERING,2434,182785.100,00000000,000e,10817;SOL_COMPUTED,NARROW_INT,31.16411452184,121.45333470497,5.8204,11.0296,WGS84,4.6313,4.1291,14.6129,"2863",1.100,1.100,29,23,19,18,00,00,77,37*617e342b
#BESTPOSA,COM1,0,62.0,FINESTEERING,2434,182785.200,00000000,000e,10817;SOL_COMPUTED,NARROW_INT,31.16411462305,121.45333465129,5.8137,11.0296,WGS84,4.6313,4.1291,14.6129,"2863",1.200,1.200,29,23,19,18,00,00,77,37*581afc9d
#BESTPOSA,COM1,0,62.0,FINESTEERING,2434,182785.300,00000000,000e,10817;SOL_COMPUTED,NARROW_INT,31.16411457413,121.45333470468,5.8213,11.0296,WGS84,4.6313,4.1291,14.6129,"2863",1.300,1.300,29,23,19,18,00,00,77,37*c4751d78
#BESTPOSA,COM1,0,66.0,FINESTEERING,2434,182785.400,00000000,000e,10817;SOL_COMPUTED,NARROW_INT,31.16411457932,121.45333464002,5.8144,11.0296,WGS84,4.6313,4.1291,14.6129,"2863",1.400,1.400,29,23,19,18,00,00,77,37*3cd20da1
#BESTPOSA,COM1,0,66.0,FINESTEERING,2434,182785.500,00000000,000e,10817;SOL_COMPUTED,NARROW_INT,31.16411463117,121.45333463494,5.8108,11.0296,WGS84,4.6313,4.1291,14.6129,"2863",1.500,1.500,29,23,19,18,00,00,77,37*7335fe2d
#BESTPOSA,COM1,0,66.0,FINESTEERING,2434,182785.600,00000000,000e,10817;SOL_COMPUTED,NARROW_INT,31.16411473657,121.45333462161,5.7985,11.0296,WGS84,4.6313,4.1291,14.6129,"2863",0.600,0.600,29,23,19,18,00,00,77,37*8105c44c
#BESTPOSA,COM1,0,66.0,FINESTEERING,2434,182785.700,00000000,000e,10817;SOL_COMPUTED,NARROW_INT,31.16411468889,121.45333461910,5.8013,11.0296,WGS84,4.6313,4.1291,14.6129,"2863",0.700,0.700,29,23,19,18,00,00,77,37*b3fab73a
#BESTPOSA,COM1,0,66.0,FINESTEERING,2434,182785.800,00000000,000e,10817;SOL_COMPUTED,NARROW_INT,31.16411465319,121.45333463968,5.8047,11.0296,WGS84,4.6313,4.1291,14.6129,"2863",0.800,0.800,29,23,19,18,00,00,77,37*78af5a9d
#BESTPOSA,COM1,0,66.0,FINESTEERING,2434,182785.900,00000000,000e,10817;SOL_COMPUTED,NARROW_INT,31.16411462754,121.45333465988,5.8118,11.0296,WGS84,4.6313,4.1291,14.6129,"2863",0.900,0.900,29,23,19,18,00,00,77,37*805dbac0
#BESTPOSA,COM1,0,66.0,FINESTEERING,2434,182786.000,00000000,000e,10817;SOL_COMPUTED,NARROW_INT,31.16411461346,121.45333468974,5.8150,11.0296,WGS84,4.6313,4.1291,14.6129,"2863",1.000,1.000,29,23,19,18,00,00,77,37*058f7150
$GPGSV,2,1,06,18,60,294,38,24,61,169,48,29,14,221,43,43,49,147,46*76
$GPGSV,2,2,06,56,55,202,43,57,34,242,44*7A
$GLGSV,1,1,04,68,41,304,32,69,08,265,39,81,14,177,43,82,53,212,48*6B
$GAGSV,1,1,03,13,38,149,44,26,83,262,48,29,54,254,45*53
$GBGSV,3,1,11,01,49,147,43,02,34,242,45,03,55,202,50,04,37,120,43*62
$GBGSV,3,2,11,07,39,172,45,08,16,195,38,10,29,177,42,26,22,160,45*64
$GBGSV,3,3,11,31,18,183,40,34,43,237,46,42,38,296,27*5F
$GQGSV,1,1,04,02,08,159,37,03,57,152,43,07,53,169,37,08,41,229,41*75
$GIGSV,1,1,01,10,51,165,47*55
$GNGST,024608.00,0.024,0.014,0.006,69.1222,4.631,4.129,14.613*77
#BESTPOSA,COM1,0,66.0,FINESTEERING,2434,182786.100,00000000,000e,10817;SOL_COMPUTED,NARROW_INT,31.16411452123,121.45333470642,5.8239,11.0296,WGS84,4.6313,4.1291,14.6129,"2863",1.100,1.100,29,23,19,18,00,00,77,37*d44104d0
#BESTPOSA,COM1,0,66.0,FINESTEERING,2434,182786.200,00000000,000e,10817;SOL_COMPUTED,NARROW_INT,31.16411445931,121.45333472231,5.8245,11.0296,WGS84,4.6313,4.1291,14.6129,"2863",1.200,1.200,29,23,19,18,00,00,77,37*ca2901a2
#BESTPOSA,COM1,0,66.0,FINESTEERING,2434,182786.300,00000000,000e,10817;SOL_COMPUTED,NARROW_INT,31.16411439288,121.45333472278,5.8253,11.0296,WGS84,4.6313,4.1291,14.6129,"2863",0.300,0.300,29,23,19,18,00,00,77,37*a2263013
#BESTPOSA,COM1,0,59.5,FINESTEERING,2434,182786.400,00000000,000e,10817;SOL_COMPUTED,NARROW_INT,31.16411446780,121.45333474121,5.8057,11.0296,WGS84,4.6313,4.1291,14.6129,"2863",0.400,0.400,29,23,19,18,00,00,77,37*998a6841
#BESTPOSA,COM1,0,59.5,FINESTEERING,2434,182786.500,00000000,000e,10817;SOL_COMPUTED,NARROW_INT,31.16411453568,121.45333478557,5.7925,11.0296,WGS84,4.6313,4.1291,14.6129,"2863",0.500,0.500,29,23,19,18,00,00,77,37*4db81412
#BESTPOSA,COM1,0,59.5,FINESTEERING,2434,182786.600,00000000,000e,10817;SOL_COMPUTED,NARROW_INT,31.16411447174,121.45333480436,5.7958,11.0296,WGS84,4.6313,4.1291,14.6129,"2863",0.600,0.600,29,23,19,18,00,00,77,37*2d0cf617
#BESTPOSA,COM1,0,59.5,FINESTEERING,2434,182786.700,00000000,000e,10817;SOL_COMPUTED,NARROW_INT,31.16411448884,121.45333486030,5.7839,11.0296,WGS84,4.6313,4.1291,14.6129,"2863",0.700,0.700,29,23,19,18,00,00,77,37*5cf0c22a
#BESTPOSA,COM1,0,59.5,FINESTEERING,2434,182786.800,00000000,000e,10817;SOL_COMPUTED,NARROW_INT,31.16411440758,121.45333483721,5.7887,11.0296,WGS84,4.6313,4.1291,14.6129,"2863",0.800,0.800,29,23,19,18,00,00,77,37*19408a39
#BESTPOSA,COM1,0,59.5,FINESTEERING,2434,182786.900,00000000,000e,10817;SOL_COMPUTED,NARROW_INT,31.16411441392,121.45333483403,5.7857,11.0296,WGS84,4.6313,4.1291,14.6129,"2863",0.900,0.900,29,23,19,18,00,00,77,37*be5b289c
#BESTPOSA,COM1,0,59.5,FINESTEERING,2434,182787.000,00000000,000e,10817;SOL_COMPUTED,NARROW_INT,31.16411443720,121.45333484859,5.7785,11.0296,WGS84,4.6313,4.1291,14.6129,"2863",1.000,1.000,29,24,20,19,00,00,77,37*608d314a
$GPGSV,2,1,06,18,60,294,39,24,62,169,48,29,14,221,43,43,49,147,47*75
$GPGSV,2,2,06,56,55,202,45,57,34,242,43*7B
$GLGSV,1,1,04,68,41,304,31,69,08,265,39,81,14,177,43,82,53,211,48*6B
$GAGSV,1,1,03,13,38,149,43,26,83,262,48,29,54,255,45*55
$GBGSV,3,1,11,01,49,147,43,02,34,242,46,03,55,202,49,04,37,120,41*6B
$GBGSV,3,2,11,07,39,172,45,08,16,195,38,10,29,177,43,26,22,160,45*65
$GBGSV,3,3,11,31,18,183,40,34,43,237,46,42,38,296,28*50
$GQGSV,1,1,04,02,08,159,37,03,57,152,43,07,53,169,37,08,41,229,41*75
$GIGSV,1,1,01,10,51,165,47*55
$GNGST,024609.00,0.027,0.017,0.006,71.6823,4.631,4.129,14.613*73
#BESTPOSA,COM1,0,59.5,FINESTEERING,2434,182787.100,00000000,000e,10817;SOL_COMPUTED,NARROW_INT,31.16411439621,121.45333484910,5.7811,11.0296,WGS84,4.6313,4.1291,14.6129,"2863",1.100,1.100,29,24,20,19,00,00,77,37*25b80358
#BESTPOSA,COM1,0,59.5,FINESTEERING,2434,182787.200,00000000,000e,10817;SOL_COMPUTED,NARROW_INT,31.16411443245,121.45333485144,5.7768,11.0296,WGS84,4.6313,4.1291,14.6129,"2863",1.200,1.200,29,24,20,19,00,00,77,37*4ca6ac36
#BESTPOSA,COM1,0,59.5,FINESTEERING,2434,182787.300,00000000,000e,10817;SOL_COMPUTED,NARROW_INT,31.16411444745,121.45333485488,5.7725,11.0296,WGS84,4.6313,4.1291,14.6129,"2863",0.300,0.300,29,24,20,19,00,00,77,37*176a60fb
#BESTPOSA,COM1,0,61.0,FINESTEERING,2434,182787.400,00200000,000e,10817;SOL_COMPUTED,NARROW_INT,31.16411444851,121.45333482799,5.7756,11.0296,WGS84,4.6313,4.1291,14.6129,"2863",0.400,0.400,29,24,20,19,00,00,77,37*65c4f036
#BESTPOSA,COM1,0,61.0,FINESTEERING,2434,182787.500,00200000,000e,10817;SOL_COMPUTED,NARROW_INT,31.16411445620,121.45333482259,5.7759,11.0296,WGS84,4.6313,4.1291,14.6129,"2863",0.500,0.500,29,24,20,19,00,00,77,37*5ffea30c
#BESTPOSA,COM1,0,61.0,FINESTEERING,2434,182787.600,00200000,000e,10817;SOL_COMPUTED,NARROW_INT,31.16411442957,121.45333480016,5.7777,11.0296,WGS84,4.6313,4.1291,14.6129,"2863",0.600,0.600,29,24,20,19,00,00,77,37*84bd06ef
#BESTPOSA,COM1,0,61.0,FINESTEERING,2434,182787.700,00200000,000e,10817;SOL_COMPUTED,NARROW_INT,31.16411441114,121.45333477038,5.7784,11.0296,WGS84,4.6313,4.1291,14.6129,"2863",0.700,0.700,29,24,20,19,00,00,77,37*dc9c8a0f
#BESTPOSA,COM1,0,61.0,FINESTEERING,2434,182787.800,00200000,000e,10817;SOL_COMPUTED,NARROW_INT,31.16411439826,121.45333473012,5.7790,11.0296,WGS84,4.6313,4.1291,14.6129,"2863",0.800,0.800,29,24,20,19,00,00,77,37*641dd5ab
#BESTPOSA,COM1,0,61.0,FINESTEERING,2434,182787.900,00200000,000e,10817;SOL_COMPUTED,NARROW_INT,31.16411439787,121.45333470721,5.7810,11.0296,WGS84,4.6313,4.1291,14.6129,"2863",0.900,0.900,29,24,20,19,00,00,77,37*9c59f5ae
#BESTPOSA,COM1,0,61.0,FINESTEERING,2434,182788.000,00200000,000e,10817;SOL_COMPUTED,NARROW_INT,31.16411441508,121.45333469161,5.7742,11.0296,WGS84,4.6313,4.1291,14.6129,"2863",1.000,1.000,29,24,20,19,00,00,77,37*bc9f8e9d
$GPGSV,2,1,06,18,60,294,39,24,62,168,48,29,14,221,43,43,49,147,46*75
$GPGSV,2,2,06,56,55,202,46,57,34,242,44*7F
$GLGSV,1,1,04,68,41,304,30,69,08,265,39,81,14,177,43,82,53,211,48*6A
$GAGSV,1,1,03,13,38,149,43,26,83,261,48,29,54,255,45*56
$GBGSV,3,1,11,01,49,147,43,02,34,242,47,03,55,202,48,04,37,120,41*6B
$GBGSV,3,2,11,07,39,172,45,08,16,195,38,10,29,177,43,26,22,160,45*65
$GBGSV,3,3,11,31,18,183,41,34,43,237,46,42,38,296,30*58
$GQGSV,1,1,04,02,08,159,37,03,57,152,43,07,53,169,36,08,41,229,42*77
$GIGSV,1,1,01,10,51,165,47*55
$GNGST,024610.00,0.023,0.014,0.006,65.8577,4.631,4.129,14.613*7B
#BESTPOSA,COM1,0,61.0,FINESTEERING,2434,182788.100,00200000,000e,10817;SOL_COMPUTED,NARROW_INT,31.16411440270,121.45333466767,5.7735,11.0296,WGS84,4.6313,4.1291,14.6129,"2863",1.100,1.100,29,24,20,19,00,00,77,37*7e1d64a2
#BESTPOSA,COM1,0,61.0,FINESTEERING,2434,182788.200,00200000,000e,10817;SOL_COMPUTED,NARROW_INT,31.16411439395,121.45333465396,5.7731,11.0296,WGS84,4.6313,4.1291,14.6129,"2863",1.200,1.200,29,24,20,19,00,00,77,37*8a911bcb
#BESTPOSA,COM1,0,61.0,FINESTEERING,2434,182788.300,00200000,000e,10817;SOL_COMPUTED,NARROW_INT,31.16411442309,121.45333466901,5.7695,11.0296,WGS84,4.6313,4.1291,14.6129,"2863",0.300,0.300,29,24,20,19,00,00,77,37*a844aa70
#BESTPOSA,COM1,0,60.5,FINESTEERING,2434,182788.400,00000000,000e,10817;SOL_COMPUTED,NARROW_INT,31.16411444285,121.45333466319,5.7670,11.0296,WGS84,4.6313,4.1291,14.6129,"2863",0.400,0.400,29,24,20,20,00,00,77,37*885dc899
#BESTPOSA,COM1,0,60.5,FINESTEERING,2434,182788.500,00000000,000e,10817;SOL_COMPUTED,NARROW_INT,31.16411445236,121.45333467064,5.7635,11.0296,WGS84,4.6313,4.1291,14.6129,"2863",0.500,0.500,29,24,20,20,00,00,77,37*fbd8e378
#BESTPOSA,COM1,0,60.5,FINESTEERING,2434,182788.600,00000000,000e,10817;SOL_COMPUTED,NARROW_INT,31.16411444378,121.45333468461,5.7623,11.0296,WGS84,4.6313,4.1291,14.6129,"2863",0.600,0.600,29,24,20,20,00,00,77,37*796b2476
#BESTPOSA,COM1,0,60.5,FINESTEERING,2434,182788.700,00000000,000e,10817;SOL_COMPUTED,NARROW_INT,31.16411442326,121.45333468224,5.7642,11.0296,WGS84,4.6313,4.1291,14.6129,"2863",0.700,0.700,29,24,20,20,00,00,77,37*51df4e4a
#BESTPOSA,COM1,0,60.5,FINESTEERING,2434,182788.800,00000000,000e,10817;SOL_COMPUTED,NARROW_INT,31.16411442256,121.45333469867,5.7633,11.0296,WGS84,4.6313,4.1291,14.6129,"2863",0.800,0.800,29,24,20,20,00,00,77,37*0701d541
#BESTPOSA,COM1,0,60.5,FINESTEERING,2434,182788.900,00000000,000e,10817;SOL_COMPUTED,NARROW_INT,31.16411442307,121.45333470788,5.7606,11.0296,WGS84,4.6313,4.1291,14.6129,"2863",0.900,0.900,29,24,20,20,00,00,77,37*32a698fc
#BESTPOSA,COM1,0,60.5,FINESTEERING,2434,182789.000,00000000,000e,10817;SOL_COMPUTED,NARROW_INT,31.16411443067,121.45333471229,5.7582,11.0296,WGS84,4.6313,4.1291,14.6129,"2863",1.000,1.000,29,24,20,20,00,00,77,37*4428717f
$GPGSV,2,1,06,18,60,294,39,24,62,168,48,29,14,221,43,43,49,147,46*75
$GPGSV,2,2,06,56,55,202,46,57,34,242,45*7E
$GLGSV,1,1,04,68,41,304,27,69,08,265,40,81,14,177,43,82,53,211,48*62
$GAGSV,1,1,03,13,38,149,43,26,83,261,47,29,54,255,45*59
$GBGSV,3,1,11,01,49,147,44,02,34,242,48,03,55,202,48,04,37,120,42*60
$GBGSV,3,2,11,07,39,172,45,08,16,195,38,10,29,177,43,26,22,160,45*65
$GBGSV,3,3,11,31,18,183,41,34,43,237,46,42,38,296,29*50
$GQGSV,1,1,04,02,08,159,37,03,57,152,44,07,53,169,36,08,41,229,42*70
$GIGSV,1,1,01,10,51,165,47*55
$GNGST,024611.00,0.023,0.013,0.006,67.6216,4.631,4.129,14.613*71
#BESTPOSA,COM1,0,60.5,FINESTEERING,2434,182789.100,00000000,000e,10817;SOL_COMPUTED,NARROW_INT,31.16411444040,121.45333471806,5.7525,11.0296,WGS84,4.6313,4.1291,14.6129,"2863",1.100,1.100,29,24,20,20,00,00,77,37*9104c56f
#BESTPOSA,COM1,0,60.5,FINESTEERING,2434,182789.200,00000000,000e,10817;SOL_COMPUTED,NARROW_INT,31.16411441751,121.45333471935,5.7530,11.0296,WGS84,4.6313,4.1291,14.6129,"2863",1.200,1.200,29,24,20,20,00,00,77,37*faa28034
#BESTPOSA,COM1,0,60.5,FINESTEERING,2434,182789.300,00000000,000e,10817;SOL_COMPUTED,NARROW_INT,31.16411440984,121.45333473405,5.7520,11.0296,WGS84,4.6313,4.1291,14.6129,"2863",0.300,0.300,29,24,20,20,00,00,77,37*ce02bbb4
#BESTPOSA,COM1,0,61.0,FINESTEERING,2434,182789.400,00000000,000e,10817;SOL_COMPUTED,NARROW_INT,31.16411439448,121.45333474509,5.7512,11.0296,WGS84,4.6313,4.1291,14.6129,"2863",0.400,0.400,29,24,20,20,00,00,77,37*ef0b80c6
#BESTPOSA,COM1,0,61.0,FINESTEERING,2434,182789.500,00000000,000e,10817;SOL_COMPUTED,NARROW_INT,31.16411440370,121.45333474906,5.7486,11.0296,WGS84,4.6313,4.1291,14.6129,"2863",0.500,0.500,29,24,20,20,00,00,77,37*8b5dc0d8
#BESTPOSA,COM1,0,61.0,FINESTEERING,2434,182789.600,00000000,000e,10817;SOL_COMPUTED,NARROW_INT,31.16411440284,121.45333474605,5.7474,11.0296,WGS84,4.6313,4.1291,14.6129,"2863",0.600,0.600,29,24,20,20,00,00,77,37*9153826f
#BESTPOSA,COM1,0,61.0,FINESTEERING,2434,182789.700,00000000,000e,10817;SOL_COMPUTED,NARROW_INT,31.16411440824,121.45333476289,5.7434,11.0296,WGS84,4.6313,4.1291,14.6129,"2863",0.700,0.700,29,24,20,20,00,00,77,37*d5c924be
#BESTPOSA,COM1,0,61.0,FINESTEERING,2434,182789.800,00000000,000e,10817;SOL_COMPUTED,NARROW_INT,31.16411439347,121.45333476694,5.7423,11.0296,WGS84,4.6313,4.1291,14.6129,"2863",0.800,0.800,29,24,20,20,00,00,77,37*1735c0a9
#BESTPOSA,COM1,0,61.0,FINESTEERING,2434,182789.900,00000000,000e,10817;SOL_COMPUTED,NARROW_INT,31.16411439570,121.45333477460,5.7404,11.0296,WGS84,4.6313,4.1291,14.6129,"2863",0.900,0.900,29,24,20,20,00,00,77,37*02c064af
#BESTPOSA,COM1,0,61.0,FINESTEERING,2434,182790.000,00000000,000e,10817;SOL_COMPUTED,NARROW_INT,31.16411436748,121.45333476799,5.7416,11.0296,WGS84,4.6313,4.1291,14.6129,"2863",1.000,1.000,29,24,20,20,00,00,77,37*9fe4faef
$GPGSV,2,1,06,18,60,294,40,24,62,168,48,29,14,221,42,43,49,147,46*7A
$GPGSV,2,2,06,56,55,202,46,57,34,242,45*7E
$GLGSV,1,1,04,68,41,304,29,69,08,265,40,81,14,177,43,82,53,211,48*6C
$GAGSV,1,1,03,13,38,149,43,26,83,261,47,29,54,255,45*59
$GBGSV,3,1,11,01,49,147,44,02,34,242,48,03,55,202,47,04,37,120,41*6C
$GBGSV,3,2,11,07,39,172,45,08,16,195,38,10,29,177,43,26,22,160,45*65
$GBGSV,3,3,11,31,18,183,41,34,43,237,46,42,38,296,29*50
$GQGSV,1,1,04,02,08,159,36,03,57,152,45,07,53,169,36,08,41,229,42*70
$GIGSV,1,1,01,10,51,165,47*55
$GNGST,024612.00,0.023,0.013,0.006,67.2883,4.631,4.129,14.613*70
#BESTPOSA,COM1,0,61.0,FINESTEERING,2434,182790.100,00000000,000e,10817;SOL_COMPUTED,NARROW_INT,31.16411437535,121.45333476929,5.7380,11.0296,WGS84,4.6313,4.1291,14.6129,"2863",1.100,1.100,29,24,20,20,00,00,77,37*53b3cbc2
#BESTPOSA,COM1,0,61.0,FINESTEERING,2434,182790.200,00000000,000e,10817;SOL_COMPUTED,NARROW_INT,31.16411438271,121.45333476574,5.7373,11.0296,WGS84,4.6313,4.1291,14.6129,"2863",1.200,1.200,29,24,20,20,00,00,77,37*7e05ed6d
#BESTPOSA,COM1,0,61.0,FINESTEERING,2434,182790.300,00000000,000e,10817;SOL_COMPUTED,NARROW_INT,31.16411437806,121.45333476888,5.7359,11.0296,WGS84,4.6313,4.1291,14.6129,"2863",1.300,1.300,29,24,20,20,00,00,77,37*1cfc9d18
#BESTPOSA,COM1,0,64.5,FINESTEERING,2434,182790.400,00000000,000e,10817;SOL_COMPUTED,NARROW_INT,31.16411436847,121.45333479294,5.7341,11.0296,WGS84,4.6313,4.1291,14.6129,"2863",1.400,1.400,29,24,20,20,00,00,77,37*431723aa
#BESTPOSA,COM1,0,64.5,FINESTEERING,2434,182790.500,00000000,000e,10817;SOL_COMPUTED,NARROW_INT,31.16411435541,121.45333480888,5.7324,11.0296,WGS84,4.6313,4.1291,14.6129,"2863",0.500,0.500,29,24,20,20,00,00,77,37*3454ce1c
#BESTPOSA,COM1,0,64.5,FINESTEERING,2434,182790.600,00000000,000e,10817;SOL_COMPUTED,NARROW_INT,31.16411432709,121.45333480032,5.7337,11.0296,WGS84,4.6313,4.1291,14.6129,"2863",0.600,0.600,29,24,20,20,00,00,77,37*7645c36c
#BESTPOSA,COM1,0,64.5,FINESTEERING,2434,182790.700,00000000,000e,10817;SOL_COMPUTED,NARROW_INT,31.16411432421,121.45333478842,5.7311,11.0296,WGS84,4.6313,4.1291,14.6129,"2863",0.700,0.700,29,24,20,20,00,00,77,37*4543d0f1
#BESTPOSA,COM1,0,64.5,FINESTEERING,2434,182790.800,00000000,000e,10817;SOL_COMPUTED,NARROW_INT,31.16411433557,121.45333478352,5.7292,11.0296,WGS84,4.6313,4.1291,14.6129,"2863",0.800,0.800,29,24,20,20,00,00,77,37*dbeb0a94
#BESTPOSA,COM1,0,64.5,FINESTEERING,2434,182790.900,00000000,000e,10817;SOL_COMPUTED,NARROW_INT,31.16411436087,121.45333476081,5.7278,11.0296,WGS84,4.6313,4.1291,14.6129,"2863",0.900,0.900,29,24,20,20,00,00,77,37*df1263b1
#BESTPOSA,COM1,0,64.5,FINESTEERING,2434,182791.000,00000000,000e,10817;SOL_COMPUTED,NARROW_INT,31.16411436159,121.45333473558,5.7314,11.0296,WGS84,4.6313,4.1291,14.6129,"2863",1.000,1.000,29,24,20,20,00,00,77,37*55f8da6e
$GPGSV,2,1,06,18,60,294,40,24,62,168,48,29,14,221,42,43,49,147,47*7B
$GPGSV,2,2,06,56,55,202,46,57,34,242,46*7D
$GLGSV,1,1,04,68,41,304,30,69,08,265,40,81,14,177,43,82,53,211,48*64
$GAGSV,1,1,03,13,38,149,43,26,83,261,47,29,54,255,45*59
$GBGSV,3,1,11,01,49,147,45,02,34,242,49,03,55,202,46,04,37,120,40*6C
$GBGSV,3,2,11,07,39,172,46,08,16,195,39,10,29,177,43,26,22,160,45*67
$GBGSV,3,3,11,31,18,183,41,34,43,236,46,42,38,296,29*51
$GQGSV,1,1,04,02,08,159,36,03,57,152,45,07,53,169,36,08,41,229,42*70
$GIGSV,1,1,01,10,51,165,46*54
$GNGST,024613.00,0.023,0.013,0.006,66.7890,4.631,4.129,14.613*77
#BESTPOSA,COM1,0,64.5,FINESTEERING,2434,182791.100,00000000,000e,10817;SOL_COMPUTED,NARROW_INT,31.16411435054,121.45333472136,5.7326,11.0296,WGS84,4.6313,4.1291,14.6129,"2863",1.100,1.100,29,24,20,20,00,00,77,37*0e24c827
#BESTPOSA,COM1,0,64.5,FINESTEERING,2434,182791.200,00000000,000e,10817;SOL_COMPUTED,NARROW_INT,31.16411434053,121.45333472319,5.7333,11.0296,WGS84,4.6313,4.1291,14.6129,"2863",1.200,1.200,29,24,20,20,00,00,77,37*788aa6fb
#BESTPOSA,COM1,0,64.5,FINESTEERING,2434,182791.300,00000000,000e,10817;SOL_COMPUTED,NARROW_INT,31.16411424241,121.45333472500,5.7381,11.0296,WGS84,4.6313,4.1291,14.6129,"2863",0.300,0.300,29,24,20,20,00,00,77,37*e86829aa
#BESTPOSA,COM1,0,57.0,FINESTEERING,2434,182791.400,00200000,000e,10817;SOL_COMPUTED,NARROW_INT,31.16411421573,121.45333472173,5.7406,11.0296,WGS84,4.6313,4.1291,14.6129,"2863",0.400,0.400,29,24,20,20,00,00,77,37*0ae6cedd
#BESTPOSA,COM1,0,57.0,FINESTEERING,2434,182791.500,00200000,000e,10817;SOL_COMPUTED,NARROW_INT,31.16411422028,121.45333471000,5.7408,11.0296,WGS84,4.6313,4.1291,14.6129,"2863",0.500,0.500,29,24,20,20,00,00,77,37*cb5b40c7
#BESTPOSA,COM1,0,57.0,FINESTEERING,2434,182791.600,00200000,000e,10817;SOL_COMPUTED,NARROW_INT,31.16411424448,121.45333468867,5.7399,11.0296,WGS84,4.6313,4.1291,14.6129,"2863",0.600,0.600,29,24,20,20,00,00,77,37*b1f68d41
#BESTPOSA,COM1,0,57.0,FINESTEERING,2434,182791.700,00200000,000e,10817;SOL_COMPUTED,NARROW_INT,31.16411423666,121.45333468751,5.7426,11.0296,WGS84,4.6313,4.1291,14.6129,"2863",0.700,0.700,29,24,20,20,00,00,77,37*69b1f2a9
#BESTPOSA,COM1,0,57.0,FINESTEERING,2434,182791.800,00200000,000e,10817;SOL_COMPUTED,NARROW_INT,31.16411422590,121.45333469620,5.7440,11.0296,WGS84,4.6313,4.1291,14.6129,"2863",0.800,0.800,29,24,20,20,00,00,77,37*045cec54
#BESTPOSA,COM1,0,57.0,FINESTEERING,2434,182791.900,00200000,000e,10817;SOL_COMPUTED,NARROW_INT,31.16411423867,121.45333470629,5.7399,11.0296,WGS84,4.6313,4.1291,14.6129,"2863",0.900,0.900,29,24,20,20,00,00,77,37*bf5d82bd
#BESTPOSA,COM1,0,57.0,FINESTEERING,2434,182792.000,00200000,000e,10817;SOL_COMPUTED,NARROW_INT,31.16411421008,121.45333471272,5.7385,11.0296,WGS84,4.6313,4.1291,14.6129,"2863",1.000,1.000,29,24,20,20,00,00,77,37*71d3fffb
$GPGSV,2,1,06,18,60,294,40,24,62,168,48,29,14,221,42,43,49,147,46*7A
$GPGSV,2,2,06,56,55,202,46,57,34,242,46*7D
$GLGSV,1,1,04,68,41,304,31,69,08,265,40,81,14,177,43,82,53,211,48*65
$GAGSV,1,1,03,13,38,149,43,26,83,261,47,29,54,255,46*5A
$GBGSV,3,1,11,01,49,147,45,02,34,242,49,03,55,202,46,04,37,120,41*6D
$GBGSV,3,2,11,07,39,172,46,08,16,195,39,10,29,177,43,26,22,160,45*67
$GBGSV,3,3,11,31,18,183,41,34,43,236,47,42,38,296,29*50
$GQGSV,1,1,04,02,08,159,36,03,57,152,45,07,53,169,37,08,41,229,42*71
$GIGSV,1,1,01,10,51,165,46*54
$GNGST,024614.00,0.023,0.013,0.006,66.6424,4.631,4.129,14.613*72
#BESTPOSA,COM1,0,57.0,FINESTEERING,2434,182792.100,00200000,000e,10817;SOL_COMPUTED,NARROW_INT,31.16411418801,121.45333474120,5.7374,11.0296,WGS84,4.6313,4.1291,14.6129,"2863",1.100,1.100,29,24,20,20,00,00,77,37*8c86bd6c
#BESTPOSA,COM1,0,57.0,FINESTEERING,2434,182792.200,00200000,000e,10817;SOL_COMPUTED,NARROW_INT,31.16411419612,121.45333475246,5.7363,11.0296,WGS84,4.6313,4.1291,14.6129,"2863",1.200,1.200,29,24,20,20,00,00,77,37*c587112a
#BESTPOSA,COM1,0,57.0,FINESTEERING,2434,182792.300,00200000,000e,10817;SOL_COMPUTED,NARROW_INT,31.16411417939,121.45333475236,5.7367,11.0296,WGS84,4.6313,4.1291,14.6129,"2863",1.300,1.300,31,24,20,20,00,00,77,37*103492fe
#BESTPOSA,COM1,0,64.0,FINESTEERING,2434,182792.400,00000000,000e,10817;SOL_COMPUTED,NARROW_INT,31.16411417523,121.45333475791,5.7332,11.0296,WGS84,4.6313,4.1291,14.6129,"2863",1.400,1.400,31,24,20,20,00,00,77,37*64d85a0e
#BESTPOSA,COM1,0,64.0,FINESTEERING,2434,182792.500,00000000,000e,10817;SOL_COMPUTED,NARROW_INT,31.16411415222,121.45333475340,5.7322,11.0296,WGS84,4.6313,4.1291,14.6129,"2863",1.500,1.500,31,24,20,20,00,00,77,37*33b2627b
#BESTPOSA,COM1,0,64.0,FINESTEERING,2434,182792.600,00000000,000e,10817;SOL_COMPUTED,NARROW_INT,31.16411413740,121.45333477848,5.7312,11.0296,WGS84,4.6313,4.1291,14.6129,"2863",0.600,0.600,31,24,20,20,00,00,77,37*72a190f3
#BESTPOSA,COM1,0,64.0,FINESTEERING,2434,182792.700,00000000,000e,10817;SOL_COMPUTED,NARROW_INT,31.16411413384,121.45333477637,5.7292,11.0296,WGS84,4.6313,4.1291,14.6129,"2863",0.700,0.700,31,24,20,20,00,00,77,37*6ae6eeb7
#BESTPOSA,COM1,0,64.0,FINESTEERING,2434,182792.800,00000000,000e,10817;SOL_COMPUTED,NARROW_INT,31.16411411987,121.45333477344,5.7277,11.0296,WGS84,4.6313,4.1291,14.6129,"2863",0.800,0.800,31,24,20,20,00,00,77,37*b69e8a4d
#BESTPOSA,COM1,0,64.0,FINESTEERING,2434,182792.900,00000000,000e,10817;SOL_COMPUTED,NARROW_INT,31.16411410583,121.45333476078,5.7278,11.0296,WGS84,4.6313,4.1291,14.6129,"2863",0.900,0.900,31,24,20,20,00,00,77,37*9c83bc27
#BESTPOSA,COM1,0,64.0,FINESTEERING,2434,182793.000,00000000,000e,10817;SOL_COMPUTED,NARROW_INT,31.16411409732,121.45333476558,5.7274,11.0296,WGS84,4.6313,4.1291,14.6129,"2863",1.000,1.000,31,24,20,20,00,00,77,37*36cbcca7
$GPGSV,2,1,06,18,60,294,40,24,62,168,47,29,14,221,42,43,49,147,47*74
$GPGSV,2,2,06,56,55,202,46,57,34,242,46*7D
$GLGSV,1,1,04,68,41,304,31,69,08,265,40,81,14,177,43,82,53,211,48*65
$GAGSV,1,1,03,13,38,149,44,26,83,261,47,29,54,255,46*5D
$GBGSV,3,1,12,01,49,147,45,02,34,242,49,03,55,202,45,04,37,120,40*6C
$GBGSV,3,2,12,07,39,172,46,08,16,195,40,10,29,177,43,21,56,013,31*68
$GBGSV,3,3,12,26,22,160,45,31,18,183,41,34,43,236,47,42,38,296,29*61
$GQGSV,1,1,04,02,08,159,36,03,57,152,46,07,53,169,37,08,41,229,42*72
$GIGSV,1,1,01,10,51,165,46*54
$GNGST,024615.00,0.023,0.013,0.006,66.8580,4.631,4.129,14.613*72
#BESTPOSA,COM1,0,64.0,FINESTEERING,2434,182793.100,00000000,000e,10817;SOL_COMPUTED,NARROW_INT,31.16411411294,121.45333476732,5.7249,11.0296,WGS84,4.6313,4.1291,14.6129,"2863",1.100,1.100,31,24,20,20,00,00,77,37*69c77420
#BESTPOSA,COM1,0,64.0,FINESTEERING,2434,182793.200,00000000,000e,10817;SOL_COMPUTED,NARROW_INT,31.16411412244,121.45333476589,5.7217,11.0296,WGS84,4.6313,4.1291,14.6129,"2863",1.200,1.200,31,24,20,20,00,00,77,37*6888eaf9
#BESTPOSA,COM1,0,64.0,FINESTEERING,2434,182793.300,00000000,000e,10817;SOL_COMPUTED,NARROW_INT,31.16411405087,121.45333473257,5.7361,11.0296,WGS84,4.6313,4.1291,14.6129,"2863",0.300,0.300,31,24,20,20,00,00,77,37*33127bb1
#BESTPOSA,COM1,0,56.5,FINESTEERING,2434,182793.400,00000000,000e,10817;SOL_COMPUTED,NARROW_INT,31.16411405468,121.45333472350,5.7356,11.0296,WGS84,4.6313,4.1291,14.6129,"2863",0.400,0.400,31,24,20,20,00,00,77,37*b11360e4
#BESTPOSA,COM1,0,56.5,FINESTEERING,2434,182793.500,00000000,000e,10817;SOL_COMPUTED,NARROW_INT,31.16411402889,121.45333471381,5.7369,11.0296,WGS84,4.6313,4.1291,14.6129,"2863",0.500,0.500,31,24,20,20,00,00,77,37*e1088e62
#BESTPOSA,COM1,0,56.5,FINESTEERING,2434,182793.600,00000000,000e,10817;SOL_COMPUTED,NARROW_INT,31.16411400574,121.45333471624,5.7365,11.0296,WGS84,4.6313,4.1291,14.6129,"2863",0.600,0.600,31,24,20,20,00,00,77,37*09ca8e66
#BESTPOSA,COM1,0,56.5,FINESTEERING,2434,182793.700,00000000,000e,10817;SOL_COMPUTED,NARROW_INT,31.16411399794,121.45333472176,5.7348,11.0296,WGS84,4.6313,4.1291,14.6129,"2863",0.700,0.700,31,24,20,20,00,00,77,37*1a0f1b76
#BESTPOSA,COM1,0,56.5,FINESTEERING,2434,182793.800,00000000,000e,10817;SOL_COMPUTED,NARROW_INT,31.16411400828,121.45333472247,5.7290,11.0296,WGS84,4.6313,4.1291,14.6129,"2863",0.800,0.800,31,24,20,20,00,00,77,37*2a1e7064
#BESTPOSA,COM1,0,56.5,FINESTEERING,2434,182793.900,00000000,000e,10817;SOL_COMPUTED,NARROW_INT,31.16411398572,121.45333471378,5.7259,11.0296,WGS84,4.6313,4.1291,14.6129,"2863",0.900,0.900,31,24,20,20,00,00,77,37*f61c00bc
#BESTPOSA,COM1,0,56.5,FINESTEERING,2434,182794.000,00000000,000e,10817;SOL_COMPUTED,NARROW_INT,31.16411396098,121.45333470231,5.7243,11.0296,WGS84,4.6313,4.1291,14.6129,"2863",1.000,1.000,31,24,20,20,00,00,77,37*006f79cf
$GPGSV,2,1,06,18,60,294,40,24,62,168,47,29,14,221,43,43,49,147,47*75
$GPGSV,2,2,06,56,55,202,46,57,34,242,47*7C
$GLGSV,1,1,04,68,41,304,32,69,08,265,40,81,14,177,43,82,53,211,49*67
$GAGSV,1,1,03,13,38,149,44,26,83,261,46,29,54,255,46*5C
$GBGSV,4,1,13,01,49,147,45,02,34,242,49,03,55,202,44,04,37,120,40*6B
$GBGSV,4,2,13,07,39,172,46,08,16,195,40,10,29,177,43,14,00,000,32*6A
$GBGSV,4,3,13,21,56,013,31,26,22,160,45,31,18,183,41,34,43,236,47*6C
$GBGSV,4,4,13,42,38,296,30*5A
$GQGSV,1,1,04,02,08,159,36,03,57,152,46,07,53,169,38,08,41,229,42*7D
$GIGSV,1,1,01,10,51,165,46*54
$GNGST,024616.00,0.022,0.013,0.006,66.3742,4.631,4.129,14.613*77
#BESTPOSA,COM1,0,56.5,FINESTEERING,2434,182794.100,00000000,000e,10817;SOL_COMPUTED,NARROW_INT,31.16411393547,121.45333467464,5.7217,11.0296,WGS84,4.6313,4.1291,14.6129,"2863",1.100,1.100,31,24,20,20,00,00,77,37*4f42b9db
#BESTPOSA,COM1,0,56.5,FINESTEERING,2434,182794.200,00000000,000e,10817;SOL_COMPUTED,NARROW_INT,31.16411391110,121.45333466470,5.7223,11.0296,WGS84,4.6313,4.1291,14.6129,"2863",1.200,1.200,31,24,20,20,00,00,77,37*0c17c434
#BESTPOSA,COM1,0,56.5,FINESTEERING,2434,182794.300,00000000,000e,10817;SOL_COMPUTED,NARROW_INT,31.16411386109,121.45333464975,5.7294,11.0296,WGS84,4.6313,4.1291,14.6129,"2863",1.300,1.300,31,24,20,20,00,00,77,37*2922da02
#BESTPOSA,COM1,0,59.0,FINESTEERING,2434,182794.400,00000000,000e,10817;SOL_COMPUTED,NARROW_INT,31.16411385543,121.45333464517,5.7191,11.0296,WGS84,4.6313,4.1291,14.6129,"2863",0.400,0.400,31,24,20,20,00,00,77,37*5175370c
